customer_id,name,surname,address,state,gender
d1e132f5-0ee9-488e-9eee-3b6f298ac2c5,Theresa,Avila,0974 Janice Courts Suite 689 Lake Patrickport NC 84155,NC,F
f48e2878-6683-49dc-a7d0-d1cebcb8b704,Michelle,Walker,4768 Wayne Hollow Rodriguezberg LA 34200,LA,F
e279190f-884d-4945-8b67-1e28cddfa860,James,Nguyen,6360 Monica Glens Brownchester SD 96570,SD,M
9598c53c-4280-45a2-8c6c-47c81f002ea6,Jacob,Turner,3470 Morton Mall Apt. 754 Brownfurt NJ 60479,NJ,F
1cc9959f-7e0b-48d5-a11d-5dbec54a2fc1,Valerie,Young,261 Ramos Dam Apt. 507 Nelsonmouth WA 54421,WA,F
ccb97cc0-e487-431c-bd46-e0fd2dbad398,Sara,Rogers,09123 Ivan Fort South Shelby AR 46202,AR,F
772f83ca-eda5-4d44-a4a1-4c99f52c2c44,Monica,Smith,46495 Richard Estates Lopezbury RI 26999,RI,F
98cae4e2-8ea8-4157-8b2c-fdf4575715dc,Karen,Lawson,1865 Mccoy Islands Morrisberg UT 95485,UT,F
885052cd-69bf-418d-a9e1-81085d43c436,Roberta,Davis,161 Danielle Valleys Jamesfort WY 58337,WY,F
3e9d4cff-34ef-4978-90a1-6fbd3612f6c5,Gregory,Nichols,082 Moreno Neck Laurastad AS 52164,AS,M
962713ea-f8c1-461f-b26b-aee26247f85c,Lisa,Vasquez,31321 Jones Forks Apt. 777 New Melissa OH 84034,OH,F
b158cc0f-3a41-41f9-8ebd-34161a386524,Lisa,Campos,PSC 5599 Box 2886 APO AA 72734,AA,F
2636929a-1347-423b-8579-888e33889128,Daniel,Lopez,464 Jonathan Isle Bassmouth TX 01653,TX,M
c5f35fb5-415b-432b-bc65-cd752327e394,Greg,Marquez,7633 Johnson Spurs Apt. 335 Manntown NV 41626,NV,M
8cd4a493-d3a2-487a-9a10-5971f77abb39,Nancy,Williams,164 Joseph Mews Shawnberg ID 19875,ID,F
5a6a6ce8-9e2f-4f37-819d-b102bc5fc0d3,Suzanne,Roberts,590 King Station Suite 514 Christinemouth MS 17294,MS,M
7437c02f-d86c-4d12-9c28-30a82c401955,Aaron,Oneill,USNS Riley FPO AE 96928,AE,M
4f533f04-92e5-4a69-ba8f-3e4a3c84d0d8,Nicole,West,3944 Payne Inlet Suite 899 West Stephenberg MT 86266,MT,M
58958e92-8146-4f27-92a7-8efeea701eb3,Julie,Parker,13423 Christopher Flat Williamsstad MO 63211,MO,F
a2a3f342-aaa2-490c-83b7-1894fe77541a,Mary,Hernandez,34592 David Fords Suite 329 Marvinfurt MA 81777,MA,F
42181ed3-6c49-4917-8064-e3fe3c42032c,Matthew,Williams,953 Bowers Hills West Carol MD 29149,MD,F
ad4b882c-87c7-4b44-9c17-8d6913e9a0e4,Tina,Dawson,14918 Brooks Club Apt. 466 Lake Frankshire NM 37253,NM,F
f7278d45-d72a-4d7f-be00-c47a91a909aa,Shannon,Martinez,PSC 4032 Box 3504 APO AA 95564,AA,F
d1c3cdfd-64bd-4797-8d61-ce2d33bf4106,Shaun,Velasquez,879 Walker Walk North Kathleenstad NE 10602,NE,F
fd0cb716-ed37-45f3-bda7-ede3acd0bac3,Dustin,Mcclain,75417 Lindsey Via Rodgerstown FM 11298,FM,M
d6cc408e-108d-471b-9f7b-01ef54541db4,Carl,Tucker,99996 Garrett Turnpike East Linda IN 56080,IN,F
e4900207-7b5e-4ce5-8375-6b73b25e2314,Sabrina,Smith,3006 Decker Green Suite 294 Sheltonland FM 26950,FM,M
24161bf1-ee3c-4159-b728-e060d64c34db,Dana,Allen,6866 Brandt Springs Apt. 917 Lake Michelle ND 78017,ND,F
08725f39-08d5-464c-97db-a13768578af5,Deanna,Anderson,021 Michael Mountains East Colinton WV 31725,WV,F
a9d13ad6-1c24-45ed-86ec-cbaa8bc20916,Jocelyn,Peters,0944 Gregory Ports Apt. 841 North Bradleytown ND 77678,ND,F
f1206989-3d6d-413f-a4d8-62d18dc7894f,Russell,Mathis,21532 Mcmahon Streets Apt. 448 Garrettfort MT 81413,MT,F
d59f26d5-977b-45ad-9544-50de150c32f4,John,Mills,503 Lambert Neck Suite 289 Lake Davidmouth GU 45927,GU,F
6c48e81c-7085-4ac7-afce-224d4415aae3,David,Castillo,846 Edward Cove Apt. 434 North Michelle PW 40146,PW,M
b789f4a8-d101-41cd-8a4b-a8d7b28f5157,Angelica,Barnes,73221 Walter Vista Campbellview NE 73911,NE,M
2303a6e4-8728-4efd-b5ef-956221a11b4d,Darren,Stewart,73588 Murphy Pass Austinfurt PW 78142,PW,F
ab05c70b-0418-4d9a-b48c-f2e733af4645,Dennis,Sutton,4731 Laura Grove Alvarezberg FM 72025,FM,M
57cac606-e6ea-4f43-9925-7514c61e5d0a,Eric,Jones,4803 Kim Forge Jamesbury PR 99280,PR,M
4e304997-0c05-4b4c-a167-c2164542e3de,Kevin,Vazquez,USCGC Lam FPO AA 82073,AA,F
3f647c52-1583-4746-9de3-88843b979db0,Eileen,Guzman,1951 Larsen Drive Apt. 774 Mcconnellfurt RI 42785,RI,F
25e4126b-9acc-4295-a77b-baad528ad466,Tracy,Maynard,7591 Soto Summit Suite 376 New Keithburgh MT 33537,MT,F
a91c6232-d1f6-47bb-936f-3fede5d53c73,Alicia,Nelson,329 Ayers Springs South Amber AL 01029,AL,F
4910792d-3f9d-4fad-a1ce-b855f4dffb27,Dustin,Gilbert,12668 May Curve New Lance SD 87395,SD,F
5cda46e0-1da6-4b98-88c8-d0370a0ed3b4,Michael,Perez,190 Griffin Court West Robertland OH 82412,OH,M
f29ca83a-7bc2-4114-9c58-36becb1361d6,Carol,Griffin,91716 Coleman Port Jefferyfort NY 96619,NY,F
59084b85-d8da-49ef-a419-e98a571fa8db,Makayla,Goodwin,4134 Alexis Lake Mandyfort VT 22332,VT,F
670d2fcd-2a1e-4f86-9f95-75a6ac633975,Laura,Craig,915 Ronald Forge Apt. 976 Annchester DE 73484,DE,F
c979a4b9-98e9-4019-abf8-e541468e92ce,Lisa,Jones,991 Smith Inlet Port Stephen OH 47234,OH,F
9656f078-548d-467a-b2f0-74af7cb09a5f,Vincent,Lopez,16174 Brianna Loop Suite 770 North Jasonton DE 13715,DE,F
fc3020ce-37b1-4f82-88a2-1d537d2c7042,Amy,Silva,84547 Patrick Ramp Suite 513 Baileytown NE 23061,NE,F
1236f25e-e65f-4958-973a-2db5ed30d337,Kendra,Pierce,83045 Bryan Crescent Fergusonland CA 18881,CA,F
fc06809c-ae0e-4048-8e62-da8a26e8e9a6,Margaret,Benjamin,2052 Hodges Rue West Michelle OK 08010,OK,M
c94617d1-6964-48f7-86bc-1a80abd2c31f,Heather,Beasley,86994 Timothy Canyon Suite 582 North Michael TX 25883,TX,F
0b1887b3-666d-4a9a-8fd7-1bc2de790ddf,Ashley,Bruce,USS Wilkins FPO AE 50580,AE,F
35dc36a4-464f-47d0-ae30-5c56f32b9069,Jason,Tran,13174 Adam Courts Suite 658 North Seth WI 07184,WI,F
9c46c3bc-873c-4e0c-ad0c-e3bcaffef1f6,Joshua,Johnson,512 Henderson Trace Apt. 093 West Aliciafort AS 53893,AS,M
da6ca8bb-52cd-4454-b6a9-fcb135678276,Jesus,Gibbs,05096 Valencia Mission Pamelaberg MS 80448,MS,M
c22398fa-0d53-47d1-8e84-4bca4c897583,Kelly,Cole,6096 Webb Spurs Suite 723 East Maryshire MI 64926,MI,M
16d501fa-1030-4c8b-a14d-ee54e23375e6,Mindy,Robinson,441 Webb Path Suite 961 East Julieview CA 12566,CA,F
43a71752-7112-4fca-b065-fa76a3abec11,Adam,Jackson,9645 Tanya Keys Robertsport WY 14617,WY,M
44b0df09-c1f2-4d47-abc4-725728e14850,Cole,Fisher,154 Tiffany Inlet Apt. 786 Port Douglas OH 05439,OH,M
ab42da51-fbf4-43e1-b3f3-9caf23375a15,Kenneth,Avila,0943 Juan Knoll Lake Andrewshire WV 32539,WV,F
3ad9fd77-72b6-4e07-b04c-18928a0f07c6,Lisa,Khan,47210 Ross Circle Cassieport KS 92062,KS,F
06f3a54f-82fe-4861-8bfa-97d99123fd4d,Angela,Wallace,98105 Salazar Pines Whitehaven OK 66030,OK,F
d3e6e6fc-ff24-40ba-b27b-e16ae81951bd,Gregory,Kelley,4290 Amy Greens New Rodney NC 88236,NC,F
e90042c5-b72f-48f4-a473-93ffda870733,Thomas,Zhang,88284 Timothy Passage Karenmouth MS 07330,MS,F
be6db09b-1f8b-4d87-b956-951641647ee1,Ricky,Griffin,151 Morgan Ridge Apt. 500 Choibury OK 98292,OK,F
e87f3429-1ccd-4ad8-9420-a84dc70428d2,Bryan,Harmon,767 Christina Islands Suite 309 South Timothybury VA 67438,VA,F
bdd46ccb-b05b-4d6e-823b-bcd401e21509,Dakota,Cameron,00866 Barbara Views Suite 566 West Jacquelineberg AZ 17798,AZ,F
2e036dcb-3cf0-4935-bded-bb7fc033a081,Susan,Randolph,048 Natalie Shoals Apt. 929 Port Patrickberg RI 20605,RI,F
6b447e62-02e1-40ed-9a80-726d00419cb8,Alec,Schmidt,47333 Alicia Springs West Brittany VT 82002,VT,M
152431d3-eb4c-40ab-855e-18a8531b2f4f,Alexis,Carlson,576 Sanchez Fall Suite 826 Hamiltonmouth MP 00716,MP,M
a1bdc31e-d9e8-4952-a107-7efde78eada0,Lisa,Marshall,6926 Kathleen Highway Arthurshire HI 13493,HI,F
92141489-3c8c-40d1-9d41-e63b398f4018,Rose,Olson,25138 Carl Isle Hollyville MN 78396,MN,M
bc80fcb4-57bb-4ace-b2d1-c7fbe37ff42c,Joshua,Nguyen,6718 Jasmine Park Suite 379 Lake Jasonville SD 03657,SD,M
0085c5a3-e44b-4074-a3e1-c286475bc634,Charles,Smith,Unit 8085 Box 6369 DPO AA 04954,AA,M
f27387f0-6155-4b4e-b2af-3baa4f896670,Melissa,Ramirez,3425 Jimenez Path Port Randallton PR 85175,PR,F
94efb154-5511-45f2-8793-b9f50af11692,Stephen,Brewer,527 Mills Island Apt. 530 West Nicole OR 59398,OR,F
358b79ce-256b-41c8-8dbe-4cd534543c94,Tracy,Villa,511 Nelson Mountains New Ryan GU 64420,GU,M
12b30d8d-40cd-4590-98fa-be74ebe2d0aa,Christopher,Mckenzie,416 Allison Canyon Suite 140 Lake Chad MP 04254,MP,F
c4cef7bb-87ac-480f-950b-c5fc2da44461,Hannah,Chandler,8639 Craig Springs Barnesstad IL 71679,IL,F
f9906c19-ce4c-4f37-a9be-2505bcb34483,Kelly,Gonzalez,2431 Moss Fork Suite 534 South Colleen NC 10769,NC,F
17639d95-fea0-4606-92e9-558586dcfd8d,Katherine,Melendez,5868 Carr Unions Suite 436 Jenniferview RI 05100,RI,F
dd287b91-9230-4cc2-8114-0d09d263c366,Timothy,Acosta,592 Aguirre Meadows Suzannechester PR 61997,PR,F
75a45adb-c94f-4faf-916f-22123ec45100,Eugene,Tyler,56675 Terrance Landing New Josephfurt CO 85495,CO,M
9e30da4d-6fc0-4b00-9f42-8448acc9b34e,Sabrina,Baird,USS Schmitt FPO AA 51873,AA,F
ed1b9a76-f853-49d9-90cb-53523fef0863,Joshua,Villanueva,505 Kevin Square Beardville AS 67346,AS,M
509d082b-0c36-4692-af14-4b8532918347,Austin,Williams,012 Petty Ford Apt. 405 Kennethhaven IA 29814,IA,M
621317cc-de00-4c19-88d6-173dfe3b9643,Nicole,Jefferson,298 Christy Parkway East Jeremy MD 76522,MD,F
a9d30def-432a-4ddc-8e6f-cbf91415e9b6,Jason,Hopkins,USCGC King FPO AE 75961,AE,F
ef05a4ff-46c4-4b99-b824-c90b1dfd8a9c,Brooke,Baldwin,44298 John Walks Apt. 499 Madisonborough AS 61312,AS,M
c6745e33-a92a-41d6-9878-28e81624fb5b,Aaron,Hudson,USCGC Henderson FPO AE 02006,AE,M
f55ed829-61ea-47e2-acc6-78cfe9971d8e,Oscar,Chan,6952 Moore Crossroad Vasquezshire MN 45362,MN,F
90c8a29e-ef71-413c-aded-029d69c40c2f,Isaac,Meza,77730 Chapman Oval Apt. 068 South Rebecca TN 28478,TN,F
13b225f9-1683-4608-b07f-e0dfe5bb5bd9,Diana,Jones,12014 Richards Point Suite 720 North Emily CT 19816,CT,F
97b62f84-8e53-47a0-a705-d89f4a1add96,Eric,Valencia,2564 Julie Square Smithfort MP 09892,MP,M
9c132e96-5d9a-45f4-9771-64729ee11c2d,Abigail,Pope,85664 Schultz Ville Apt. 778 Lake Paige MP 71388,MP,M
4ed32d1d-a14f-4f34-b365-b00679852243,Jerry,Turner,82312 Phillip Mount Sandraton NE 21855,NE,M
f37fa632-f121-474a-a857-46b0628cdde3,Jennifer,Campbell,8315 Stanley Trail Apt. 375 Crosston KS 12929,KS,M
c022216e-f1d0-4c2c-ae7e-1f8ee37a1e7e,Ray,Lewis,792 Paul Drive Apt. 662 Manningberg MA 06154,MA,M
bfa17748-c157-442d-954f-4c4a03615831,Carlos,Miller,9085 Huffman Drive Apt. 350 West Maxshire PW 45318,PW,M