order_id,reason
a309309c-b7b6-4c31-b897-cab362425e13,FRAUD_SUSPICION
85b4964e-e76e-4ce8-81ee-adccecf07765,INCORRECT_SHIPPING
59f0255f-22de-4a33-9d8b-b073d155ea5e,INCORRECT_ORDER
84406747-ff74-4d56-8da0-6979e52dec5a,INCORRECT_ORDER
a98bf97f-973d-46cb-bf7b-a12b3c5f9ae3,FRAUD_SUSPICION
2e20b919-8545-4c7d-bc9d-6a3a55239fb8,INCORRECT_ORDER
82a8cf68-6b5c-434d-b789-e493b33c047b,INCORRECT_ORDER
cdc19211-7798-47b4-ae60-33f4964dfa13,FRAUD_SUSPICION
37ba023f-da5d-4639-bb61-8d58766ea9d3,FRAUD_SUSPICION
d27d7e8d-ffd2-4fac-aee5-fbb1372c7870,DAMAGED_DELIVERY
1dc75e46-0886-4c0a-9545-8aaa217efee3,DAMAGED_DELIVERY
2d4ed396-c8f9-4f1d-ae57-2396c75be489,INCORRECT_ORDER
3c7dcd4a-c5e8-40e8-8bfd-88cf32ad591e,INCORRECT_ORDER
03591096-6192-41e5-b686-0f81ee7e0d1a,INCORRECT_ORDER
cae914bb-50a2-4a34-ad2a-277b48503c5a,INCORRECT_ORDER
8781571b-454c-4152-9a21-76e4618872a7,FRAUD_SUSPICION
8a937e3d-273f-482f-b15d-a5328b4ce609,DAMAGED_DELIVERY
c5341160-c5f9-4363-b5ee-bcb2db920072,DAMAGED_DELIVERY
c08245b4-5aab-4363-9600-f9946dd5f40c,INCORRECT_ORDER
8f998189-f0e9-4d63-9dda-104eb46c6dcc,INCORRECT_SHIPPING
973aafaf-aae1-4429-87c4-59b5280797a1,INCORRECT_SHIPPING
8db20fc6-6912-441a-9f08-f84f9815593b,INCORRECT_SHIPPING
4e6febd3-d158-44cc-b3ca-a30f00e7353d,INCORRECT_ORDER
fce0495e-4e54-4372-a6f8-437aeb767c6f,DAMAGED_DELIVERY
95215674-cc3f-49c4-a4a4-89d2cb14987e,FRAUD_SUSPICION
33215635-8189-4f72-b6f6-37aa66dd6f47,FRAUD_SUSPICION
9fb8ecca-5f73-4994-9ce1-8d258c288ee2,FRAUD_SUSPICION
6dabe8e2-bcc5-499e-aa8a-e98bf52bc91f,INCORRECT_SHIPPING
a497e0e8-0c99-446b-918c-71a9ccfe9984,INCORRECT_ORDER
b1401be4-4d45-490e-8f6b-ea5247735c0e,FRAUD_SUSPICION
98931488-fd31-48fa-b42d-0df90efb134a,INCORRECT_ORDER
9dded671-e2a5-4828-88a7-2f2f5f969d39,FRAUD_SUSPICION
e8269b9e-e588-4709-b5e9-a538294e786d,DAMAGED_DELIVERY
cb912327-6a40-4656-b3a2-348b9caeab9f,DAMAGED_DELIVERY
cb42b6f8-036e-41b3-a8bf-93d88ca8aa32,DAMAGED_DELIVERY
60779ae0-e0c3-4ba0-a8a3-8b2d4a4ff018,DAMAGED_DELIVERY
d9d4f111-fd79-4f01-ac71-eb0cbcd1fb9a,DAMAGED_DELIVERY
c3cbb3cf-45ed-4b85-a730-944af2cd1087,DAMAGED_DELIVERY
30461e62-6807-4aba-82ef-c4c9ffceddf4,FRAUD_SUSPICION
cc45925c-fc23-4120-b54b-d6999d1333cb,INCORRECT_ORDER
b7eedeed-0938-4a9f-bb6a-d2184f4b60a5,INCORRECT_ORDER
3ce9e7a8-0f3d-45b4-bfe2-df0771b767a9,FRAUD_SUSPICION
75923443-5fd6-41c7-bde8-19f4d89723a3,INCORRECT_ORDER
a3186eb7-f9db-46da-a2bc-8a9778c5d02d,INCORRECT_SHIPPING
22246411-068c-43a4-bfe2-1f0bb31084ce,INCORRECT_ORDER
58c76300-8c8e-4300-b0e1-c8ba8d8688a5,DAMAGED_DELIVERY
2cd4a147-42d6-409e-9d26-dc4a8b09ca2f,INCORRECT_SHIPPING
5650b8b9-0b27-4e24-935b-e6a3f79e0307,INCORRECT_ORDER
1020963d-193f-4caa-a600-a728e3b0be6b,FRAUD_SUSPICION
5e8ae225-fc11-4761-908b-8f988cfedf08,INCORRECT_ORDER
5b7ada24-5c63-41b4-a0c9-c1ac05b1c17f,INCORRECT_ORDER
096d49a3-f23b-48cf-a1b8-3cea4283e457,INCORRECT_SHIPPING
9f4e73a9-b062-4c1b-bda5-2c2bc73ef3de,DAMAGED_DELIVERY
cb26539d-6c82-4a69-9989-bb299ea8c94d,INCORRECT_ORDER
b548b063-b091-4f6d-a8ca-2083076743e8,FRAUD_SUSPICION
84b93c74-1f06-40dd-809e-c1f7e65dce83,DAMAGED_DELIVERY
d5f570d8-b0ac-4a29-ae83-3029cb8df9ae,INCORRECT_ORDER
324f73bd-e673-43ff-aae7-b456c0872b3e,DAMAGED_DELIVERY
d3567d9c-32f7-4a6a-ab46-035aefbfd1fd,INCORRECT_ORDER
1959a55d-f5a8-4fb6-919f-b618137ada3d,FRAUD_SUSPICION
f643685e-0769-44f7-abcc-9eebe71007c8,INCORRECT_SHIPPING
fa6cced7-471d-40a1-bb22-0b1d5861313f,INCORRECT_ORDER
56ff7795-ebff-45a3-ad2e-7f2ebb8a5500,INCORRECT_ORDER
53468a6b-5438-47a9-b2b5-31dfb53dbff2,INCORRECT_SHIPPING
7bffc5ba-3b70-424b-b1b5-e265ee10c53b,FRAUD_SUSPICION
42b10b33-9adc-40d8-9bd8-ba265f6d32ed,FRAUD_SUSPICION
fe19ed69-4de7-4d5b-bdb2-cfb5bae8e354,INCORRECT_ORDER
a46f4a3b-aa61-4d74-a1a5-b45b5bf3543f,FRAUD_SUSPICION
a928e1c9-72fa-4d84-9a95-c7b82f9c094a,DAMAGED_DELIVERY
cecd7c99-b799-49fe-aaa6-13ebb11834bf,INCORRECT_ORDER
9ed3e663-1a47-41f5-a15b-2dcb6999ec5f,INCORRECT_ORDER
b63a7707-1862-41f6-8095-cc4c8ae25a59,FRAUD_SUSPICION
4825c02e-f8fd-43ef-8c82-37daf7cb10b0,INCORRECT_ORDER
ce4b1a9b-0049-4c42-808f-87c8cddaf0d7,FRAUD_SUSPICION
32a50836-e245-4a59-ab99-78f75b74653a,INCORRECT_SHIPPING
8fff2f2b-2ca0-4842-b7d9-8c1860771377,INCORRECT_ORDER
5d53c774-6ab5-4ed4-bb98-d63c8cb2b67d,FRAUD_SUSPICION
dfdfddd9-9081-4b64-bac7-caf67a3ceb3b,FRAUD_SUSPICION
06113f16-3038-4d29-be0a-a2702df6559f,FRAUD_SUSPICION
cb1f6ee3-715b-4ac8-a8d0-f345da41de25,INCORRECT_ORDER
7bea38bc-473c-474c-8dd5-a76e2b5533f3,FRAUD_SUSPICION
56303290-8052-417e-b5b7-ab1a9e20a162,FRAUD_SUSPICION
1b33de09-8a99-4ed0-a0f3-f052dd2bdacd,DAMAGED_DELIVERY
f4e2d7a3-32cf-4427-8c25-6fe94b6fb8e1,INCORRECT_SHIPPING
bb94c88d-312c-48f6-b47a-db52b8bb0f57,FRAUD_SUSPICION
7d25ed07-502c-4b3b-b729-b6181b9c78d2,INCORRECT_ORDER
9ef981bc-9a99-4312-a324-3e2acd16a7c9,INCORRECT_SHIPPING
dde4267b-1213-409a-9328-a8658efcb4a6,INCORRECT_ORDER
3aaea151-3c7b-4590-acb1-ef9a4fd52bcf,FRAUD_SUSPICION
d068336f-f0e5-4b7c-87b0-f9cbd5ee7adc,FRAUD_SUSPICION
78b6697d-257e-46ec-936f-a00b5f63440f,INCORRECT_ORDER
6993562b-b5fd-4db3-8240-56cf7a178bb3,FRAUD_SUSPICION
b55a6616-c4fa-4fcc-b316-23a08417e091,DAMAGED_DELIVERY
5275dcd9-5b92-4dbf-b09e-51e76dfb2a7b,INCORRECT_SHIPPING
9e511da6-c19a-4e51-baed-88ad6ba404fb,INCORRECT_SHIPPING
bec4d5f6-2849-46ea-837d-0699bd41742b,FRAUD_SUSPICION
afc55910-1c31-4329-a017-19c874f982b8,INCORRECT_ORDER
fab1389a-d261-4c51-8cce-03459a26bf6f,FRAUD_SUSPICION
55641d0b-e157-4444-9549-193fc1cdedc7,INCORRECT_ORDER
653f498c-da46-4796-a1f5-3e537b65020f,FRAUD_SUSPICION
0a5c0e84-51a5-47f5-9ba4-3494156e0090,FRAUD_SUSPICION
d656fdd4-cb63-4d62-83cd-1be9816eec57,INCORRECT_SHIPPING
7464068c-bfa3-40bf-854b-4e7e438ca5e9,INCORRECT_ORDER
b867499d-9523-41f5-acbb-38b1560d5e41,FRAUD_SUSPICION
091347db-8944-49a3-8635-91240a298f35,INCORRECT_SHIPPING
3ace660c-4fa5-4ee0-8dda-e00783d8b5e4,FRAUD_SUSPICION
768cda4b-ed8d-4f2b-9f81-01de5ae5923d,FRAUD_SUSPICION
64a4a537-4561-4caa-b276-c676a78a2718,FRAUD_SUSPICION
590a885c-23b3-453f-8a22-d7ce8591469c,FRAUD_SUSPICION
52425af1-c2e9-4406-9db3-9e7150651195,INCORRECT_SHIPPING
2fe96e9f-bbc0-41ef-aca9-efab785c38ab,FRAUD_SUSPICION
cd0a0b0b-3438-4dc6-8050-9fabec5dcd18,FRAUD_SUSPICION
1532469e-f9c6-497a-89c9-d8ed7a2c1822,DAMAGED_DELIVERY
8fae4fa0-0d04-487e-a991-7f2b4104dfda,INCORRECT_ORDER
4c8e3e72-0cf4-4a38-b733-4d8828f55659,FRAUD_SUSPICION
efdcafa2-39a1-4b37-8c94-0b2d1633c0ce,INCORRECT_ORDER
a829bf2a-3355-459e-b9a7-23652b832419,INCORRECT_ORDER
c56adbb1-dff2-434f-8a6b-b33d5a53d12b,INCORRECT_ORDER
a77b7fbf-fdc1-4b60-b51c-d5fb52d44a8a,DAMAGED_DELIVERY
2c0219b9-d4c6-4353-bcc4-10ab5f63d318,FRAUD_SUSPICION
89efb8f0-fee5-4197-bfca-bdb8bc0de3f3,FRAUD_SUSPICION
35fe7292-7f8a-4710-8d2a-7643b664969e,FRAUD_SUSPICION
8a304790-b96d-4d0f-9885-fd7c26cedc2f,FRAUD_SUSPICION
53e037f2-477b-4338-8dd9-07f51dc70936,INCORRECT_ORDER
7691662c-ae28-4c30-8cb4-31cb67235ea2,INCORRECT_ORDER
e20b506f-14d9-435e-8b56-4e15f99821d4,INCORRECT_SHIPPING
0dd7bab2-1e16-4056-8999-a51a8fc88b42,INCORRECT_SHIPPING
133b794c-599d-4a6d-b3f4-be6377b362b5,FRAUD_SUSPICION
7286cadf-7c9b-4606-9245-560799d5e364,INCORRECT_SHIPPING
20608e48-4846-42a2-bbd6-d38d7abc6bfe,INCORRECT_ORDER
20a6bb39-c6bf-4d09-842b-30ac793eb13f,FRAUD_SUSPICION
913c006e-c97a-4491-871d-c40eecfe6604,FRAUD_SUSPICION
56b5c670-39cb-4b7b-8d83-be6228eafd5e,INCORRECT_ORDER
770400e2-e6ee-471d-a3a7-e4a2a0c81005,INCORRECT_ORDER
6f3b73b9-710a-4e6f-9139-62575eeb5ffb,INCORRECT_SHIPPING
f9a8311e-991e-4c74-9424-f88732f5ae1f,DAMAGED_DELIVERY
a7f2a272-ad73-472a-87c8-3ba1ba4be7f9,INCORRECT_ORDER
f4aad8ca-df0a-4d09-bf8e-8427a0d914ad,FRAUD_SUSPICION
e3640769-b6d9-43fe-b076-3ad907a19a8b,INCORRECT_ORDER
94d36b8e-6b06-4ba1-afea-5c0909833c58,FRAUD_SUSPICION
8615aa74-543d-4252-a7f1-9a8cff54c8ce,INCORRECT_ORDER
ba2e5410-b35f-488b-85ae-38f350ee89b6,DAMAGED_DELIVERY
7d7a5caa-1f00-43c2-9a93-1de1d6859131,FRAUD_SUSPICION
df1e2c0a-52bd-42d3-a1ea-3bd14a93151f,FRAUD_SUSPICION
b7e0120d-2c2a-429c-a50d-88f8c926c090,DAMAGED_DELIVERY
94a4ce0b-5968-498a-821f-561f9856bf72,INCORRECT_ORDER
88cf83ec-df3e-4f63-96fd-a9310b4d78cc,DAMAGED_DELIVERY
6d6e879c-e7a1-4665-909e-223ab106ff3e,INCORRECT_ORDER
3f1919c9-12af-432a-9f8d-2a3cb27351fd,INCORRECT_ORDER
4bb898c6-9052-400a-8096-19a3b5adbf6b,DAMAGED_DELIVERY
cd02d628-b8ea-4899-b841-6119b10074a9,INCORRECT_ORDER
3be8f1a6-bd9a-427d-92a7-410a20b5251e,FRAUD_SUSPICION
11f8fc8f-d6b1-4f2a-b49d-fb24ba523756,INCORRECT_ORDER
f21a37e7-200b-40a3-aa3b-57a4fba52898,INCORRECT_ORDER
4c1bdfc1-0f54-45b5-b540-5454a9927b29,INCORRECT_SHIPPING
447585a0-c77a-4f2a-b2f8-d3025845f1bf,INCORRECT_ORDER
14c3168f-ff28-4aee-83c5-5e93d4353cc9,FRAUD_SUSPICION
f5524174-fb7a-4a23-acb7-99938b35dd8b,INCORRECT_SHIPPING
f8d6268b-8015-4540-90a8-17a15d01b9db,FRAUD_SUSPICION
70e9df8e-573e-45fc-9c70-3d2cc50783ff,FRAUD_SUSPICION
5a711da4-43d6-49e0-bb7a-def5fbea9288,FRAUD_SUSPICION
a797cc08-aeed-40cb-946d-73cc08838346,DAMAGED_DELIVERY
07c6a7c6-d4ae-4f83-9109-f70917ad1077,DAMAGED_DELIVERY
fb41f086-8df7-4277-b4c3-85162b23e95b,INCORRECT_ORDER
2a728c8d-10c4-4e54-b2a7-0f0323e2db2b,INCORRECT_ORDER
cdbd1557-44a3-4e8d-bb44-4ce8eea3d11b,INCORRECT_ORDER
96453644-70c1-44f8-95b6-27f3aa49ffdd,INCORRECT_SHIPPING
78b1e0fc-4296-4cc9-97e8-8c2912d65a33,FRAUD_SUSPICION
922c92dd-ee2b-4d18-abdc-b938dabb2140,DAMAGED_DELIVERY
eb82d35e-2a01-44c2-b20b-6e314563299e,DAMAGED_DELIVERY
321cdaf9-5cbb-4a6a-9bf6-5d1e871b007a,FRAUD_SUSPICION
02b831fd-da21-46bc-ab14-a955d271752a,FRAUD_SUSPICION
884de88d-c0ac-4d73-b7cb-4fb4d87059b4,INCORRECT_ORDER
8aee6578-e42f-4b5e-96d1-93d9a4e3614f,INCORRECT_ORDER
de447029-868b-47a4-89dc-f0a49958d5a0,FRAUD_SUSPICION
3a8a2cfa-0a8b-4d22-b2b0-9972b679a5d3,FRAUD_SUSPICION
02b99014-7e1d-4904-89ae-9b26ee5faaca,DAMAGED_DELIVERY
3bcd58fb-d2ad-4c9a-b815-32ab2c623b59,DAMAGED_DELIVERY
7637b45c-e64a-4abb-b74b-1856247d8591,FRAUD_SUSPICION
7dfc9055-cdf6-47d6-b2f9-78abb586dd4f,INCORRECT_SHIPPING
9b798520-c74b-417e-9c69-7be9a5b7a07f,INCORRECT_SHIPPING
b44480f2-4fdd-4f6a-8e22-5a58fad39748,INCORRECT_ORDER
97157cdf-d4d7-41e5-943a-c004252237cd,INCORRECT_SHIPPING
8345b253-a0a4-4d02-81a4-4ea9d91f6864,INCORRECT_ORDER
e6c7911b-c7a3-4a74-bb6a-4602abf079bd,FRAUD_SUSPICION
ccfe65d2-c4aa-4d7a-a56e-36843fe1a559,INCORRECT_SHIPPING
da9469f6-ad6c-4fd7-9485-386ae5e191ec,INCORRECT_SHIPPING
943bca32-57c6-4a1b-ba46-99aa33c09fd2,FRAUD_SUSPICION
92587698-d567-423b-9bb0-2a27dc035bc4,INCORRECT_ORDER
1932ec16-930e-4dd4-a7f8-15e4321025ae,INCORRECT_ORDER
5a2f30dc-bfe1-450d-bfac-2888005ab622,FRAUD_SUSPICION
08bd2503-c2f2-4a85-b350-6806a8a17cca,FRAUD_SUSPICION
79017e69-c9b9-4bd2-ac6c-3e75309b4f40,INCORRECT_SHIPPING
e5b23c5a-40f1-4e13-879b-46fdfe3edd62,INCORRECT_ORDER
4672039a-c7a0-414e-965b-21412e4e3bfc,FRAUD_SUSPICION
9324fd56-a760-4ad1-ba48-ca7be9df2ea2,INCORRECT_ORDER
1d89a3bf-7581-451b-befd-51756218adb3,DAMAGED_DELIVERY
de4b159c-0019-4044-84c2-e1d9916b58af,FRAUD_SUSPICION
8d06174f-db58-4e01-b898-8a6c744e386d,INCORRECT_ORDER
67da70ff-4dd7-4952-9024-9fa9e3911099,FRAUD_SUSPICION
cf54972d-6781-403f-8827-42ee41c5bbe2,INCORRECT_ORDER
eb5c7fd6-7641-4b9b-b870-34be3a812816,INCORRECT_SHIPPING
2902b1de-7aea-4a38-85c6-704133350b0a,FRAUD_SUSPICION
d0253264-d313-42b5-ba25-6dab9c31baac,FRAUD_SUSPICION
167c4519-45be-4bb5-ae8d-76029a33f452,DAMAGED_DELIVERY
f039b4a5-960d-4276-a8c0-ab34f963c253,DAMAGED_DELIVERY
d4b1fe53-39f0-4964-b25c-5dd81ec90312,FRAUD_SUSPICION
b055c445-d11c-4288-a300-b0879c803995,INCORRECT_ORDER
6646d71a-9b17-4df1-b215-8a098fdbe361,INCORRECT_ORDER
3ec9fc37-3eb0-4716-9f25-cfaaa9b28756,INCORRECT_ORDER
9c9c0109-3e12-4686-9347-004bb736db50,INCORRECT_ORDER
891642c3-c25b-40bb-a921-dd496de2a4e5,DAMAGED_DELIVERY
ed2fdce6-5ca3-4cdb-93c9-db0a0ab82f9e,INCORRECT_SHIPPING
ebca0aff-4414-4bc9-9cbb-df099214fe59,FRAUD_SUSPICION
09cfacaf-50d6-46b8-a60d-27e8f3ff4c2a,FRAUD_SUSPICION
f63e3871-0c94-42de-a948-74c8835298b4,FRAUD_SUSPICION
0b044387-e090-4109-9bb2-a90f6009b64d,FRAUD_SUSPICION
4ee63bcf-a8d3-471e-8b92-8b5801fc6f44,DAMAGED_DELIVERY
87764f58-6599-4c06-85ed-02e2589c686a,INCORRECT_ORDER
a6906440-d18a-4b00-b41d-8c0cb35f42a2,INCORRECT_ORDER
b7951563-d501-4dce-819a-cca6deeddf62,INCORRECT_SHIPPING
cf16bcbd-3127-4ef2-8154-d067b0af3335,INCORRECT_SHIPPING
718c58a7-9d48-4d0d-9c67-d976391a087a,FRAUD_SUSPICION
b31ae8b4-a80a-4852-a643-978b8958d1d5,INCORRECT_ORDER
9f6453e2-8db2-4daa-913e-b7e751fee5f7,FRAUD_SUSPICION
467aa368-b7fd-41fe-8d45-84ab3ce8ac60,INCORRECT_ORDER
406eac8a-6bd0-40d6-801b-70869f293419,INCORRECT_ORDER
40a03f2e-0c42-4340-89f1-148cc6666a9c,FRAUD_SUSPICION
11948983-6891-4278-aa97-6adcbc842f50,FRAUD_SUSPICION
271b03ef-2277-4f50-a835-8404406e4513,FRAUD_SUSPICION
dd002cfa-9527-4a25-a8da-f005487d295f,INCORRECT_ORDER
c1ee6d92-ccb5-4700-ac99-b5d73d41bf0e,INCORRECT_ORDER
4d484b70-d727-4df2-9b09-17c7e3609c20,FRAUD_SUSPICION
c484bb35-2a34-4a2e-8cd7-83b4c1a67590,INCORRECT_ORDER
f855d1e1-2252-4605-9f9c-53b7b268579e,INCORRECT_ORDER
139d08ba-92ec-4a63-931f-6e3c26172ccf,FRAUD_SUSPICION
da8318ef-96e6-4881-9c7b-e4c773a8c10c,DAMAGED_DELIVERY
06157585-1de0-43ec-86b5-9cf3a45923da,INCORRECT_ORDER
9be67f7a-26b4-47fd-b96c-8b59b637c209,DAMAGED_DELIVERY
c8c4c4f0-7bc0-4e7a-8c62-ced9fafaf0c5,INCORRECT_SHIPPING
2c73edcc-b6d4-419d-adf3-ac5df952ae5d,INCORRECT_SHIPPING
7e2f83b8-704b-4b34-b42f-5fda0167b773,INCORRECT_ORDER
aba6c73f-304a-41ae-ae62-b01b425da5e4,FRAUD_SUSPICION
27340dbc-e4f1-45d5-b391-fb7fd27ff7a7,INCORRECT_ORDER
ac4c5fbd-03c1-4ba3-8a53-9593ef9567ef,FRAUD_SUSPICION
53bb389b-5eab-479b-9e82-5488261f84c7,DAMAGED_DELIVERY
25840ff1-2581-43ab-8b80-3c82c64dd401,INCORRECT_SHIPPING
fe61ed2a-9857-4294-95eb-fe9037384712,FRAUD_SUSPICION
b20921e0-6dcf-4ca6-8d4a-0335a2444640,DAMAGED_DELIVERY
8a42ac33-6310-49a6-8493-34ae97a4c0fb,DAMAGED_DELIVERY
bc8e04fb-e1dd-4248-9bb8-96a731c66e42,DAMAGED_DELIVERY
ac0da0fc-53eb-401a-a2ea-bd3a41be3ac5,INCORRECT_ORDER
a7b5aaaa-1258-4531-8e14-42487006b8ba,FRAUD_SUSPICION
1c1ef5a9-75d7-41a3-9493-e5a4d38743e3,INCORRECT_SHIPPING
13023f84-f41a-4d3e-a3d8-af899d119f81,INCORRECT_SHIPPING
75ad1da4-38b1-422e-b034-3fbbb6591c99,INCORRECT_ORDER
c4bc4d3c-2ac4-41d6-b932-440fe6633343,FRAUD_SUSPICION
bdd266f8-bc9d-4b96-bb14-2e0b139a9b19,FRAUD_SUSPICION
6330661b-7e97-442a-8ce0-4464490cc022,FRAUD_SUSPICION
73462334-c4e8-4044-a568-2ba73be02455,FRAUD_SUSPICION
2c6e0fdc-8942-4fd7-8e68-0eb9dcea4084,INCORRECT_SHIPPING
496bde72-d8fd-4cbf-8726-1a0a5e3cf152,INCORRECT_ORDER
a0a36a64-c616-4a8f-80e5-9a5ee582105b,DAMAGED_DELIVERY
07fa6b3f-3d51-484c-946f-fa1a523b6574,INCORRECT_SHIPPING
e58119e4-6957-4a36-9f9a-113e2f05d226,INCORRECT_ORDER
7212acf6-9f84-4b8b-8f83-cdc9d4cf7ce6,INCORRECT_ORDER
a86ca774-6c40-480c-bd8d-8ffb54a19fac,INCORRECT_SHIPPING
cb733c46-7412-4dc0-9f1e-a4aa430dec78,INCORRECT_ORDER
6faf7d00-cd7b-4e8c-aee8-1710087f99eb,DAMAGED_DELIVERY
e397e354-e40d-4891-9ed3-1efdd1b90533,FRAUD_SUSPICION
50ab5ebb-9660-46c7-af9e-ca12cc62753d,FRAUD_SUSPICION
504fd261-356d-43f4-9487-2843ee5761c7,FRAUD_SUSPICION
763fb6cb-6c5f-440f-a635-b2317a281cec,DAMAGED_DELIVERY
00b70ab3-d472-461a-a267-14f419f22c4c,INCORRECT_ORDER
20abf9fa-97d6-40b3-94ba-d9560800de17,INCORRECT_ORDER
d5a23801-5a86-4551-b4bd-7d478cf32488,INCORRECT_SHIPPING
36990b5b-8779-40ee-b1bd-bb82141c0093,INCORRECT_ORDER
ac07d6bd-faa5-43eb-9dd3-d63a672b6b24,FRAUD_SUSPICION
82c74edd-fa21-4e6d-83a2-7a8a2a398881,FRAUD_SUSPICION
8dfbb801-fcb7-41b1-bb5f-d92ccb6196e8,INCORRECT_ORDER
ebeb0f37-b3f2-4259-97b6-9832450c2aa9,DAMAGED_DELIVERY
f60ed681-7ea7-4610-a1a9-dfc08fe5b81b,INCORRECT_ORDER
c74ceedc-9c8c-475c-8c8e-d42aaa58db7e,FRAUD_SUSPICION
47916709-0345-45b9-9777-7acaa511f596,FRAUD_SUSPICION
6c9514b3-4750-480b-9c4d-b1ae6e163294,FRAUD_SUSPICION
e1261541-31d5-42d5-8e93-85c9574cdbfe,FRAUD_SUSPICION
d40b80c9-6986-464b-be8c-e08c9acfaf9b,INCORRECT_ORDER
cfc06302-7d23-4f26-a8d2-4d1a2c938b91,INCORRECT_ORDER
d4ab71bf-f2b2-4cf0-9830-0aeffc66e612,DAMAGED_DELIVERY
13d9770d-b5bb-40b1-bcc5-0c394c460fee,INCORRECT_SHIPPING
c5c2d9d9-8ec4-4610-aa5b-fa251b3ae1e5,FRAUD_SUSPICION
73d9066d-26c1-467e-a7e9-1205e8345493,FRAUD_SUSPICION
1e939cd6-728b-4749-81ca-eb579c59deb6,INCORRECT_SHIPPING
e22ea869-fc51-4eed-9173-f341455c5d58,INCORRECT_SHIPPING
d7b3c56c-0c9e-45ef-b1a2-50788769109d,FRAUD_SUSPICION
216d6032-af2a-428b-bb97-83877056d2b0,DAMAGED_DELIVERY
bd7b3b8e-bd05-418f-b4cb-8ac9c4451dce,DAMAGED_DELIVERY
bf210e0a-4d8a-4b5a-a3e2-8a99d191d0bd,INCORRECT_SHIPPING
b0faef20-e517-49e4-8782-a400bbda605b,INCORRECT_ORDER
a4c0e190-b98f-460c-a283-8817916ffa32,INCORRECT_ORDER
f2354fd0-817e-4928-81a5-202cc1221c0c,DAMAGED_DELIVERY
15379559-1394-4bd2-b071-e1af7ec70d8b,INCORRECT_ORDER
dd642ec6-e66e-4bdc-8c59-e3a8529428ab,FRAUD_SUSPICION
731c9ab8-30ce-465f-b941-62055374d7d9,INCORRECT_ORDER
617f2581-15a8-4ad1-b849-ce4ac56f7d53,FRAUD_SUSPICION
546d4451-6702-45a3-a082-ef955e00f8df,INCORRECT_ORDER
e837d621-c44c-4ed6-a59d-a3d088c014a1,FRAUD_SUSPICION
b75dbf18-5358-413c-a389-6656dcd4f4a5,INCORRECT_ORDER
871e6318-dcee-4662-9f9d-88f89d2cb1c8,DAMAGED_DELIVERY
8ec4fc45-9b40-41b8-9f42-881c678dce89,INCORRECT_SHIPPING
d6477e87-70ee-483b-adff-522a102b018a,INCORRECT_ORDER
cb937115-b727-451a-92c9-6934c14ce234,INCORRECT_ORDER
c31b6a35-b2fb-4a01-9b2e-35714d64abf1,FRAUD_SUSPICION
4838a333-b9ad-4f72-a099-578af89e72a7,INCORRECT_SHIPPING
815eddd9-5b34-4a2f-91c3-c6483d8b71f7,FRAUD_SUSPICION
25828533-d331-42a2-9418-b530d1e8385f,DAMAGED_DELIVERY
5fce0a2c-496d-497a-b4a9-d14a6cafb075,DAMAGED_DELIVERY
b269a148-349b-4ff8-ad2e-3b7d813b5106,FRAUD_SUSPICION
ec847fa3-abde-444e-a6b5-8f89dde8bc22,DAMAGED_DELIVERY
1ba3a160-eb26-4499-952b-059a5cf336df,INCORRECT_ORDER
5278d3cd-b32e-4237-be5a-d9ed8ae20145,FRAUD_SUSPICION
9b3e78c6-6870-40ca-9e2e-6f0c3ad9180d,DAMAGED_DELIVERY
997473b4-f98c-4ad2-a1e2-ee076b491a69,FRAUD_SUSPICION
fdd85325-c72f-4642-b1a0-56cfd302bd03,INCORRECT_ORDER
a6d2529f-27db-4157-9d86-69843c8fa72c,DAMAGED_DELIVERY
6d4dc79a-97c9-456c-a64a-7cc53b151322,FRAUD_SUSPICION
e8738449-3bb8-45ea-85f7-29b410989c8a,INCORRECT_ORDER
63c10fb8-5f17-49f9-ac87-f6a5ce54f0de,INCORRECT_ORDER
622aff83-954b-4930-b537-9f6ab1ade9b1,INCORRECT_ORDER
978d117d-331b-4344-b888-ca111bc49a40,INCORRECT_ORDER
25864a59-6e9b-4c19-b249-a591a1d87171,INCORRECT_ORDER
fb770e47-494d-49df-a45e-0c194054f836,DAMAGED_DELIVERY
51a65cde-6973-4f70-9682-e5c2a19607a4,DAMAGED_DELIVERY
e98541db-f352-4f46-af2a-e615b0023dcb,INCORRECT_ORDER
04e7afe3-ee81-438d-b891-f97b5271cd4d,DAMAGED_DELIVERY
2c6ae5ad-6355-4987-88fc-113e1563415a,INCORRECT_SHIPPING
d4c83af8-1427-4807-9f26-56c71e1a3397,FRAUD_SUSPICION
8bf30bd0-311c-4df6-a621-d461e146cbae,INCORRECT_ORDER
3f264cbb-5d92-456e-b8b4-92a230dca41a,DAMAGED_DELIVERY
797d8fb9-8797-4808-ae8a-23454eb0434f,INCORRECT_ORDER
ce2c053e-5969-4ef1-b12d-cbefb1175030,INCORRECT_SHIPPING
9108fb62-de17-4ede-a3c0-c553f22e82a8,INCORRECT_ORDER
18cdf5cb-7923-4e70-9d3c-fa46887b7f50,DAMAGED_DELIVERY
5987248b-c480-468b-9c1f-968aaec2a8ed,DAMAGED_DELIVERY
206b9abd-b93f-4027-9b24-384d74e60b9d,FRAUD_SUSPICION
b59265d2-b468-4f5d-80ba-29a7404ddc88,DAMAGED_DELIVERY
de788ded-9bec-4073-8ffd-452635a83184,INCORRECT_ORDER
c2d23eba-5eec-4c41-98db-3357165189cb,FRAUD_SUSPICION
861ce60b-0ce9-469f-a11c-1bd2292ea24a,INCORRECT_SHIPPING
59ba5604-ba7f-492c-9d2e-2483714ad077,INCORRECT_ORDER
44d56990-198e-4ef5-be66-8be8ccd0b1ac,INCORRECT_ORDER
65c962ec-e456-4662-a5a2-20db3b543de0,FRAUD_SUSPICION
b0c00f24-eb41-4802-9fec-c101ea232d3e,INCORRECT_ORDER
b8ec2496-79f3-47a7-95ce-8495feacc4ff,INCORRECT_ORDER
4654c26a-3c62-45a4-9b65-92a060027b5f,FRAUD_SUSPICION
fe36714b-564c-4067-a313-52197fccb327,INCORRECT_ORDER
89b5d116-f38e-48f6-96bb-0b8b45980bbb,INCORRECT_ORDER
5979d83d-a919-445d-9dbc-884f6c74d37c,INCORRECT_ORDER
d2b478ae-efb8-4819-8fe6-d3208802f894,INCORRECT_ORDER
3aa1c63a-462a-433b-baa2-be1389b2fed1,FRAUD_SUSPICION
f723bd77-b0e4-4e60-85b7-c12e3a08fd87,INCORRECT_ORDER
b2c0b7f8-13b4-4f5f-98ee-f4f948cdb01c,DAMAGED_DELIVERY
b99441fb-1fb1-41f2-ab98-9515923335d4,FRAUD_SUSPICION
fad5d351-1d50-448e-b69e-7b58313f2856,INCORRECT_ORDER
b77907eb-803e-4abd-8d74-2f50e3d3f70e,FRAUD_SUSPICION
84ae8025-1e0e-4818-943e-8dc18b7d129f,INCORRECT_SHIPPING
1cc0b657-a9bb-4387-bfd7-0ff5f73ddf7e,FRAUD_SUSPICION
7035791a-a2ef-4478-bcf3-6993354224f1,FRAUD_SUSPICION
be8586cc-4620-4c36-8f4c-1589656af330,FRAUD_SUSPICION
4b31f0c9-580d-452b-8fae-e1de4c314257,INCORRECT_ORDER
6d5b4ff3-f3e4-4b62-b70f-819eceebfa00,FRAUD_SUSPICION
0049362e-707b-40b6-ae78-28d9d7486f6a,FRAUD_SUSPICION
6ff21b27-c216-4031-a268-15b83088670a,INCORRECT_ORDER
ce233605-4042-4954-9ffb-019de8def635,FRAUD_SUSPICION
503b4648-dd10-42f2-9223-7bebe4c69f72,FRAUD_SUSPICION
c0089e25-bfb8-453f-8ad2-428a436373be,FRAUD_SUSPICION
6b889d82-6e5e-4012-982c-5946aba520fb,DAMAGED_DELIVERY
96dee410-cce6-4cfd-b33a-f499e4bb63f9,INCORRECT_SHIPPING
327eb3a2-e5d9-4f83-af82-40f5505afa4e,FRAUD_SUSPICION
ea209f36-b889-4223-b37a-c5d4e0a56c3a,FRAUD_SUSPICION
f7d43ac4-3048-4743-b796-69fc71a192f0,INCORRECT_ORDER
12e8391e-2055-44bb-bfec-1a87c3d7f13a,FRAUD_SUSPICION
59321bb3-0601-4c2c-bf82-6fb6354a7bc4,FRAUD_SUSPICION
66ee1f8a-ce90-4075-92cc-90163963027b,INCORRECT_SHIPPING
a90cd6b1-a0a0-44d6-86d7-d9a6a8471469,INCORRECT_SHIPPING
4f7d75ff-dcfe-4ad4-b751-4c6998a616b1,INCORRECT_ORDER
99b4b4c0-9358-463e-ae56-940b93751668,FRAUD_SUSPICION
fdb5d4eb-bac2-43e8-b9e6-9c21d03316ae,FRAUD_SUSPICION
836f735e-8253-4f0f-993b-2e9be7e7fd0e,INCORRECT_ORDER
81d10c05-5dc7-411c-9090-f6f2218039ce,FRAUD_SUSPICION
6a28ee62-7715-46f9-b478-51e8ddd69072,FRAUD_SUSPICION
22fe42f7-8ccb-4234-b3ab-fbc961dda9e9,FRAUD_SUSPICION
c1a3b4a2-af96-4970-a172-339479fb1ecc,INCORRECT_ORDER
ec9ece53-e6c9-48e1-9740-a4fc75d11b90,DAMAGED_DELIVERY
49e1f104-c37e-42da-b334-02d7bc0245e7,FRAUD_SUSPICION
39ab106e-8828-42e4-b5b3-c45af9111cd3,INCORRECT_ORDER
b01221cd-da8f-4b01-8237-c26ac047a1b9,INCORRECT_ORDER
e90be51c-1e09-412a-928d-902c2cd8ab00,INCORRECT_SHIPPING
4db1b494-2a1d-47b6-b7fc-aef0cc276814,DAMAGED_DELIVERY
36b27c27-e26a-48e5-b1d0-741f5f3923f5,DAMAGED_DELIVERY
37dc9386-b8d4-46e9-9d9f-7888020c2c43,INCORRECT_ORDER
009d22ef-b0e3-43bf-9b1f-d9f31470bfff,DAMAGED_DELIVERY
650dcf09-4899-4777-a8be-a267d48f2f0d,FRAUD_SUSPICION
bca66e41-dc26-45c4-9e55-2dc274905212,INCORRECT_ORDER
5f4f133c-1e9a-486a-8119-4c4ddd05a068,INCORRECT_SHIPPING
08ff2429-606c-4e69-96f3-a4fc17e5c94b,FRAUD_SUSPICION
f19a29fa-7205-4f45-95b8-3c677f4fde32,FRAUD_SUSPICION
a14c85ae-a580-4396-a233-b6f62e22235b,FRAUD_SUSPICION
2f593fb5-81d5-44be-9bcf-932bba3b415d,INCORRECT_ORDER
85b47115-2660-4696-bca4-ed921eba4e94,INCORRECT_ORDER
9e888cdb-662e-42a6-b28f-44a5cbfdaf43,INCORRECT_ORDER
98bc0a3b-e3f8-4cdd-a2b0-e3e8a5cefe03,FRAUD_SUSPICION
e1205ee9-e155-4080-9c2e-eb75d1fac528,DAMAGED_DELIVERY
b0379e6b-7dc8-450b-b948-a243f9a7b301,FRAUD_SUSPICION
2631922e-f70c-4e47-8892-24f10c399cc4,DAMAGED_DELIVERY
ab75f888-4899-4a82-89a3-f83e12b16f41,INCORRECT_SHIPPING
9eb54a06-5b22-432f-b991-20307ece81a2,INCORRECT_ORDER
abb47e3d-b808-4b5c-9cbf-21f57d6b7ed9,INCORRECT_ORDER
d29ebe9c-dd83-4f22-a59b-16bcacb2ba22,FRAUD_SUSPICION
db5d2d3f-0652-4be7-a853-2c7986062da5,FRAUD_SUSPICION
f047ba27-34f8-4847-b93e-85027247f3ed,INCORRECT_ORDER
351a8e58-73a4-4d68-8d89-cf538328729e,FRAUD_SUSPICION
82cbcd24-9e40-4b50-acb7-7bbd16814d9f,DAMAGED_DELIVERY
379a5831-b7d8-438d-82c9-07e7c4531656,INCORRECT_SHIPPING
6e2349bb-d0d0-4f46-82e0-aae56f5ddd42,FRAUD_SUSPICION
e8c7bf34-950d-4fd0-9e7e-8477d6ff6c36,INCORRECT_ORDER
d7d2a08d-436a-4a6f-8ed4-b9e93a738c5c,FRAUD_SUSPICION
0aa660e6-f110-4f23-be42-b8e7d5d91908,INCORRECT_SHIPPING
9c1550fa-398b-4912-9f69-f27b81055248,INCORRECT_SHIPPING
d88f560d-39de-4788-a135-1b8183feb9e0,DAMAGED_DELIVERY
3851f3d4-4909-4e6a-80a7-e9c24cc23d79,FRAUD_SUSPICION
5d5f1153-c43c-4a6b-a336-4f53ab91e025,INCORRECT_ORDER
3d7c3726-18d1-4063-9b4c-9d717d11446d,INCORRECT_ORDER
6f9f7b83-6640-4c84-88c9-b7abf0bf2e5c,INCORRECT_ORDER
33b5373b-a16c-4645-b6b6-7bdd5779a66d,INCORRECT_SHIPPING
590eb591-2edb-4c05-8e71-6ca4324f07dd,INCORRECT_ORDER
a6ee1a91-25cc-46b3-8b26-38c00dc4681b,DAMAGED_DELIVERY
10f77b61-af5c-4c68-be67-fdff7add86ad,INCORRECT_ORDER
822a45a8-0b84-4dc6-b5f5-7df9dfec8aba,FRAUD_SUSPICION
8bea7829-b5d4-4a72-8f5d-87c0f7828567,FRAUD_SUSPICION
874c46c8-3f12-4e6a-8dc4-2281986a6e5b,FRAUD_SUSPICION
3eceac65-d4ca-4654-87b0-650f1b5adefd,FRAUD_SUSPICION
0d013b71-8e5a-4ddf-9cee-e5cef3a5735f,INCORRECT_ORDER
6f28f585-1b0c-448e-9932-1687efa19d44,DAMAGED_DELIVERY
f81d8a79-f3ce-4a3e-bb6c-276a5abeb7b9,INCORRECT_ORDER
02025ec2-c4fc-45ae-9770-2961b017759c,FRAUD_SUSPICION
e5340574-4e5a-494c-acd3-f44addc017ae,INCORRECT_ORDER
3f4c3e73-33f2-47c6-b236-4535a11a8c94,FRAUD_SUSPICION
957af74f-7dde-4a83-9bfb-b2f8a0ecea7a,DAMAGED_DELIVERY
b26d9f33-2662-4c74-a0a7-ed69204cfdd8,INCORRECT_SHIPPING
1bac889e-ecb4-4d19-84b5-1f54dd3d8e64,INCORRECT_ORDER
adb73013-29f7-4a6e-9d9b-694526695f35,FRAUD_SUSPICION
94ebc5ed-143a-4f0e-a65a-a4079917598d,INCORRECT_SHIPPING
f3c29fb1-2e9f-4023-b64e-a30f864f1f5c,DAMAGED_DELIVERY
d732e560-d583-4dd8-9519-ac167f2fdfce,INCORRECT_ORDER
446ef062-b1e8-4be0-ba1d-258707ebfc29,FRAUD_SUSPICION
c00ffd7b-3a08-4bcd-8a54-0d4a305c39b0,INCORRECT_ORDER
ca66c621-3bb9-4b94-85d8-5737a3860656,FRAUD_SUSPICION
7fdb9154-a03d-4261-b73a-a0c1f8a3fec6,FRAUD_SUSPICION
b15bfba2-0098-41f2-b569-6aeaba793d99,DAMAGED_DELIVERY
143c9104-4eb3-4f9f-a466-7739534e1888,INCORRECT_ORDER
c917a92d-ef62-4183-b0e6-218be4bac592,INCORRECT_ORDER
1f61d54a-3e2d-4a89-bc69-86d2ef0cdc53,INCORRECT_ORDER
1da9281c-93f1-48c1-9415-9f23d91262e6,INCORRECT_ORDER
ec283ff6-2597-4610-a5bc-1ded91361fbf,INCORRECT_SHIPPING
707f19ca-2efb-46dd-85f2-c58ba81f7e1b,FRAUD_SUSPICION
9a602652-8351-4637-b97b-8f109d1536be,FRAUD_SUSPICION
f91081ad-5cce-4cca-9cd6-c7447cde0581,INCORRECT_SHIPPING
8dfb14a2-fdf0-47e3-887c-960cf213df8e,DAMAGED_DELIVERY
f98c752f-593f-41b2-8d7b-fecd07f218e7,DAMAGED_DELIVERY
3cdf2c1d-3a22-43f1-9aaf-c9a58cfc69e0,INCORRECT_SHIPPING
01434c1b-81b9-4747-bc05-7da99e80e2a3,FRAUD_SUSPICION
5d7f83de-aacd-4b2d-ad22-708056f641ba,INCORRECT_ORDER
a27b6435-382e-466e-aad3-f4778a618592,FRAUD_SUSPICION
e3c6904d-b401-4c12-b86b-e671d1f41711,INCORRECT_SHIPPING
cbc4cd56-bf2a-48df-89e0-6216aa0709e4,FRAUD_SUSPICION
f25b4adc-675b-4672-88a8-cd09b67fb316,FRAUD_SUSPICION
4dfc4051-5b31-47cf-ad13-b271d49d5d3b,FRAUD_SUSPICION
88c0243e-800c-4b9e-9c32-269a174cbc1c,DAMAGED_DELIVERY
1a489485-af18-46ec-93d3-60fadefd94ef,FRAUD_SUSPICION
10ebd333-6562-4b5f-aa2c-5e518dbd2230,INCORRECT_SHIPPING
91dab8ee-60d7-4225-96ac-5d2dc3caff85,FRAUD_SUSPICION
1373115c-2135-400c-84de-772afef30f8d,FRAUD_SUSPICION
6fc84c11-f263-4d51-9b6f-72303404ed5e,INCORRECT_SHIPPING
e2e481dc-7e6a-464a-86b7-32309f646e9d,INCORRECT_SHIPPING
565c9b2a-b851-4747-9267-40a999db2bcd,DAMAGED_DELIVERY
6b3979fc-8e95-40ed-95d4-2d49dbf4229b,FRAUD_SUSPICION
d11c5149-1b81-4a44-9bb5-c4dff2a7ad61,DAMAGED_DELIVERY
3beb704e-08bd-41d3-8df9-f336cdc3273b,FRAUD_SUSPICION
ecc951ff-5d00-445c-9822-0c3628c5e4e1,INCORRECT_SHIPPING
dce6dd85-fcaf-4b34-ad9d-cb4ce68c1bbf,FRAUD_SUSPICION
c77c2d96-fd07-4a70-8dfd-ecdf2a5cdf3c,INCORRECT_ORDER
183f6bdb-ae4e-47a3-a6c8-d9aeef0e77f4,FRAUD_SUSPICION
210697b9-90d0-4a00-909e-bac3aaa2c526,INCORRECT_ORDER
53a2b4a2-e5f5-4898-b5c4-eaf7a3cfe8be,INCORRECT_SHIPPING
05177a57-194e-4f12-a2a4-1a2db65b389f,DAMAGED_DELIVERY
9f2b0c70-8ded-4112-a607-258b839d69b7,INCORRECT_SHIPPING
ebe543ed-f721-464c-a6c6-5e89304eb8b0,INCORRECT_SHIPPING
d47ae94d-5481-4743-9ae2-57dbb584381b,INCORRECT_ORDER
4f2ad53b-c25f-4a9f-8980-320455cb0011,FRAUD_SUSPICION
d675ca46-47f9-495d-b3f1-6cbdc1be81ad,INCORRECT_ORDER
7b7bd4b6-5a13-4b09-8b9c-eaa880f86eaa,FRAUD_SUSPICION
dd145827-53c6-45c3-bfe8-fa1bd515e376,FRAUD_SUSPICION
6ad037a3-7806-4658-8cfb-b0711cd56c76,INCORRECT_ORDER
50aa8fc5-f62d-43b0-8aff-ba8602654c6e,FRAUD_SUSPICION
a24fab52-599c-4015-9e11-cb29f213a752,INCORRECT_ORDER
ca9480e4-7db5-409f-b28e-726b44d5891a,INCORRECT_SHIPPING
c589a1b3-55fc-4a47-939a-0976225fe2f7,INCORRECT_ORDER
1437f1aa-55d8-4620-9ad0-78477cf9d266,FRAUD_SUSPICION
e30cd7d2-87db-41c0-bf34-526d0dfd5c75,INCORRECT_ORDER
3e4119b8-0863-431f-90e5-a8700e66639d,FRAUD_SUSPICION
46784134-58dd-4c62-b1c6-81bbbabbab15,DAMAGED_DELIVERY
57fc9898-fda6-4b56-815f-39bee15196ce,FRAUD_SUSPICION
4ca7d2aa-4475-42cd-be17-3ed1bf1d2827,FRAUD_SUSPICION
52ab4058-e39c-43c0-86bd-8ed15aad9941,FRAUD_SUSPICION
44738ac9-6b86-4abe-b900-8e7347ac496c,FRAUD_SUSPICION
933f3737-f9ab-47d6-be22-baa69b284139,FRAUD_SUSPICION
4df6a44c-755b-4dad-b775-f1f68e87e686,FRAUD_SUSPICION
796453d3-26a0-4768-8ec6-4b020497cde4,INCORRECT_SHIPPING
f9b10043-0d87-4712-a587-d564ffe4254e,DAMAGED_DELIVERY
a6ddb114-71d9-4794-887c-5baf1b9c78e3,FRAUD_SUSPICION
e2c0c8ba-65b1-4457-9d09-f8a49167ec4f,FRAUD_SUSPICION
895f8872-c3b6-4ff0-b994-4f6e596b951c,INCORRECT_SHIPPING
09daa9ce-be96-4eea-ae09-d07f4b9adf28,FRAUD_SUSPICION
8322f39c-3eca-4b8b-9755-213941656064,INCORRECT_ORDER
fa2f91bf-1f99-46f5-9539-d12604602e1c,INCORRECT_SHIPPING
25c1e7a6-cdde-4eb5-a204-6aa9fe30545b,FRAUD_SUSPICION
c12faca1-4056-4a87-8a18-6759520f2b27,DAMAGED_DELIVERY
69052451-f77a-4306-aad7-31bd2eccaeb6,INCORRECT_ORDER
be2e796f-6a63-4e11-9005-2ae11b89d8b3,DAMAGED_DELIVERY
899dcbbc-f142-434b-b25a-dba7a5e9db8b,INCORRECT_SHIPPING
5cffcd80-9276-4952-94ac-86558a9249cf,INCORRECT_ORDER
3a8c7137-57f2-4003-a0e5-d1a56d4ace2c,FRAUD_SUSPICION
9e33e26c-53de-49d0-8891-89ccc7f3281a,INCORRECT_ORDER
b33217af-97c9-4a04-bc01-096a5e8c8584,FRAUD_SUSPICION
32110af2-de57-441c-aaf2-f5be039fd968,INCORRECT_SHIPPING
c96eba09-3fa4-4fce-887a-7696ccea262c,FRAUD_SUSPICION
3186c842-58db-4b6b-abf6-0a3c20826ba5,INCORRECT_SHIPPING
8c60e8d3-83dc-4482-a218-fc62af9f947b,FRAUD_SUSPICION
cd9e3a75-a34a-45c0-be11-56836340bbac,FRAUD_SUSPICION
31bbe1b3-03cc-449e-8e5f-0830cae9ae91,FRAUD_SUSPICION
d0c1fce8-0dc0-4ead-a79e-0dd462210237,DAMAGED_DELIVERY
bd2eafe8-9afd-46c9-af87-4bf448b490bb,INCORRECT_ORDER
2409eb9b-35e9-4676-8475-9efb2d8e19f6,INCORRECT_ORDER
56cda35d-1eb6-461d-b95b-d2f3073fb055,INCORRECT_SHIPPING
25530dde-1621-4373-ad59-a3d66bffe4db,DAMAGED_DELIVERY
c993551b-819d-435a-a8f2-d56d4a1a5a14,INCORRECT_SHIPPING
8f442d42-962f-4124-be26-9dea6530f825,DAMAGED_DELIVERY
ee641fc6-80bb-4e67-b414-c14c062daa21,FRAUD_SUSPICION
c0615fa5-a14c-4efc-8816-a6f41857eec9,DAMAGED_DELIVERY
befce729-0458-476f-8c23-324ce276ac0e,INCORRECT_SHIPPING
682e40dc-edbe-4b3e-a0b1-abc6ff4d0ab2,DAMAGED_DELIVERY
c4816caa-0670-44c5-9ee8-4e3c5e1d25f5,INCORRECT_ORDER
f73c2cad-6592-45b5-9cc1-dd2fc19549ad,INCORRECT_SHIPPING
3419b54a-4e47-4c2e-ac31-c9b40d83b181,INCORRECT_ORDER
46aa557f-6414-4839-a1de-7bd5f72d1ffa,DAMAGED_DELIVERY
6bdfea68-e256-4925-ad00-b396201650ec,FRAUD_SUSPICION
9710f17c-8987-4bc8-8cfa-db364aec2486,INCORRECT_SHIPPING
c7eb4468-adeb-4268-82f7-7d7e6bacaf12,INCORRECT_ORDER
b39a3ef3-d501-4915-8c39-1f8fe4c02f4e,DAMAGED_DELIVERY
b85066a0-0138-4b05-aacf-ea180ed4c211,INCORRECT_ORDER
ed6df701-f2cc-4561-a00a-d0baac025a6c,FRAUD_SUSPICION
28c25d9d-197a-4cd1-b653-598b9aaca66f,INCORRECT_ORDER
5089ca26-afe7-406d-900d-9bd1ea56cca2,INCORRECT_ORDER
ad5de22e-c5c2-48e7-b372-dcc87e6caf85,FRAUD_SUSPICION
5dd11738-b03d-4a24-98b4-544c1fc490d1,INCORRECT_ORDER
7583f454-f1a2-44bf-81ec-fa613c6f2313,FRAUD_SUSPICION
00f20480-ecf1-4d40-885e-12298bd04f3e,INCORRECT_ORDER
fb0f4f93-a515-4026-b1fd-3b7353bc4df6,FRAUD_SUSPICION
b4a9c32e-feb8-45b3-9f6b-b0d7974309de,DAMAGED_DELIVERY
dd217e09-077d-410d-b19d-2c3091112b75,DAMAGED_DELIVERY
488c4c93-8409-4b8e-a2c1-8d282810a4ea,INCORRECT_SHIPPING
18b54f89-dbee-4b58-b0cd-31e8d6ecc573,FRAUD_SUSPICION
d43874bd-c942-4da5-97cf-69971feb28e6,FRAUD_SUSPICION
6ab1db28-8fb0-49d6-9a9d-0e915f146c4e,INCORRECT_ORDER
02390e64-0b72-45fc-9c9d-f761a606f6e6,FRAUD_SUSPICION
a27c0057-c728-4053-a9d1-eb3fbf05099f,FRAUD_SUSPICION
5140c641-fb99-44ab-86b2-ebe8c935f801,FRAUD_SUSPICION
cd14d42a-0543-41a0-9aa8-471fcaf83e54,INCORRECT_ORDER
8df8f512-ad23-4f5e-9265-20e7e39b4060,INCORRECT_ORDER
c36ffade-ff72-494a-b1cf-90051429cd52,FRAUD_SUSPICION
65aa1209-ddbf-4b3c-b477-a3b4c5a05253,INCORRECT_ORDER
df5a48af-d2e4-4d8e-8a36-e7cb2cbbf7f4,INCORRECT_ORDER
621e436b-78b3-414f-ac4f-866be8f85319,FRAUD_SUSPICION
4973593a-70f8-4648-99a5-68c9973c29a8,FRAUD_SUSPICION
abf24958-b634-4134-b071-7b2cb94ffde9,INCORRECT_ORDER
e25e0c15-b872-43f7-a811-670f73f4471a,FRAUD_SUSPICION
3268abce-56c1-4d3f-b7af-f9b61031e75c,INCORRECT_SHIPPING
38deb810-4880-4dda-9bca-adf4931101d1,INCORRECT_SHIPPING
d5ecd3eb-8f46-4d59-b3ba-98db3d789fcd,INCORRECT_ORDER
f484072c-d35c-4425-92ee-7182a9088634,INCORRECT_SHIPPING
20bc8d40-d185-4855-9595-f3bb8323f21b,FRAUD_SUSPICION
c83c2ab0-fbc9-4719-9dc6-2a0cd98a3fc7,FRAUD_SUSPICION
909dfa74-ec76-4ef5-81e4-77304a42358a,INCORRECT_ORDER
fe34f864-a90f-455d-9d94-7d9116fbf9e8,INCORRECT_ORDER
1afd4c87-1bf8-46f5-8767-8ca86f2ad80c,INCORRECT_ORDER
4b972cf1-e433-4d54-af3b-5096305852d6,INCORRECT_ORDER
9181afce-65c4-4cea-85a2-2abc260e93d1,DAMAGED_DELIVERY
152c2a4c-4b3f-456e-bc05-62fbb9b8d6f0,INCORRECT_SHIPPING
b0771858-6d31-4761-a2a2-51bd5c2baad7,FRAUD_SUSPICION
f66eec40-7a93-4982-a3bf-004a85cb700e,INCORRECT_ORDER
c651f945-ac55-4787-814d-5e1f8eb4901f,INCORRECT_ORDER
ac024892-081a-482f-9bf5-7109a96f2662,INCORRECT_SHIPPING
b17f1630-9ef4-466d-94f1-59119a7cdc28,INCORRECT_ORDER
216dde16-04a4-4224-8f72-095c895ef208,FRAUD_SUSPICION
c2ed6fee-9087-4662-b83f-9e461647112d,INCORRECT_SHIPPING
59690844-946b-4088-ac16-73f0447ad077,DAMAGED_DELIVERY
4bb4a1d6-5701-469e-85d3-5fa60373cc7f,DAMAGED_DELIVERY
2c80ef40-1f96-4ebf-a85e-eeec4fd4c34f,DAMAGED_DELIVERY
7dd36e1a-ec03-4775-af9d-d7f51428f176,FRAUD_SUSPICION
aa634c5f-c008-4213-a84d-18e9b8292b5a,INCORRECT_ORDER
75980ca8-1423-4cb5-9450-4631105ff8cc,DAMAGED_DELIVERY
d1632f98-fd1f-4ff7-99c0-72dd8899ddcf,DAMAGED_DELIVERY
e2854a0e-10fb-47ce-a9f1-a8cae3973bb2,FRAUD_SUSPICION
4530e9dc-52e8-4aa8-b15f-f567b9d24598,INCORRECT_ORDER
f3ffc3ce-2004-4087-8e8d-4b8e70df3565,INCORRECT_ORDER
bcf1bccf-52f2-4fcb-827e-ee7bdd5c7986,FRAUD_SUSPICION
a0451be9-3f49-4ad5-a6e6-14c55aefbef1,INCORRECT_ORDER
4a4e01b5-c9f7-4e1b-bc94-f4f2f093a2ae,DAMAGED_DELIVERY
dfadb7f6-7865-4532-8c47-e4490739a227,INCORRECT_ORDER
9c0537b0-4c5b-4d24-9db0-869a46f4e7ad,INCORRECT_ORDER
34931d68-e973-4303-9935-5da9d568c32e,INCORRECT_SHIPPING
293d1d96-0bce-486d-9946-dad93ee6d789,INCORRECT_ORDER
2daada67-54cc-478a-b542-fab995339c53,DAMAGED_DELIVERY
2ddf33a2-6538-4d66-9cb0-427894fc7f00,INCORRECT_ORDER
fd03926a-d4b5-4826-ae74-4801904f73e5,INCORRECT_ORDER
c8c15cad-b7d5-40b5-a798-3795894a2607,INCORRECT_ORDER
ad111da9-fd9d-4193-bbb6-59ed5ecf5a3f,DAMAGED_DELIVERY
95e09bae-5751-4cda-b6a5-da448f0ff94b,FRAUD_SUSPICION
5406b0c9-4752-47b4-92b7-bf1425dcc784,INCORRECT_ORDER
c960bd3f-e131-4373-a527-b47783742e5e,INCORRECT_ORDER
945bbd24-056a-4576-b310-dcb3b95f8f8d,INCORRECT_ORDER
85a63b3c-e722-402c-9204-1637821150a0,INCORRECT_SHIPPING
c57b1e03-d54f-4409-ae2e-0b72027ed686,FRAUD_SUSPICION
76b43b9b-2a94-4597-bc8e-ae1c442d77eb,INCORRECT_ORDER
d6ddaab0-dfe7-4905-9066-5d66fdaa3693,INCORRECT_ORDER
6a4b8211-716d-46cf-b410-fa49ab54cb8a,FRAUD_SUSPICION
1d7e5ae1-a527-47e9-be27-5c0aea21fed3,FRAUD_SUSPICION
acb9b337-cbcf-4670-bb0a-5724d7c70240,FRAUD_SUSPICION
fe66d95d-1a56-49bd-ab46-863865931d24,INCORRECT_ORDER
8da5b78f-ba21-4a35-b8c0-c63df7c32dd0,FRAUD_SUSPICION
4471b8e8-50ab-4f2c-a0b4-cc3cdcd73e40,INCORRECT_SHIPPING
ae90dda6-97c2-401f-a437-a1b5f3f6175d,INCORRECT_ORDER
1fb61cea-8711-46db-b0c0-e78a98bd4fed,DAMAGED_DELIVERY
db5f3a71-9127-49d2-a094-82666e9dd492,INCORRECT_SHIPPING
76955772-f81a-477d-991a-ea8587a5ded2,FRAUD_SUSPICION
8c101ac1-c955-4c4f-9958-6db68fc42571,FRAUD_SUSPICION
b0991e5c-c158-458c-8735-f16b1282876f,FRAUD_SUSPICION
77f018d7-edbc-4bfb-9336-431f6fd75596,FRAUD_SUSPICION
896a2818-2b30-4630-9a31-b0a81f460948,INCORRECT_SHIPPING
ca860ee0-f88c-4411-98f6-7e4974eddb8a,INCORRECT_ORDER
da29ade6-b403-446d-82d3-125b56adbbc5,FRAUD_SUSPICION
5212ba64-ba0c-4a9a-9fcd-d4102be88ecc,FRAUD_SUSPICION
d6501b70-dbed-4639-b77e-e1bf18b8a259,FRAUD_SUSPICION
359e95ac-b68e-49d3-a9ac-24c84539c4f8,INCORRECT_ORDER
56f083af-ac7a-411f-8d78-cbb4eb7a7ec3,INCORRECT_ORDER
dc65a332-7d68-4e59-bdc2-fe7389cb3be8,INCORRECT_SHIPPING
f87b21b2-dd30-4240-9001-ed1e0e803726,INCORRECT_ORDER
3fb6c424-e360-45fd-aa07-5f25c11ffe34,INCORRECT_ORDER
0c12a76c-a176-4399-a5c6-608fdcfbf35e,INCORRECT_ORDER
bf5077c1-3a72-4705-9588-934b1181aaa1,FRAUD_SUSPICION
c9e82fd5-b256-4f5f-8763-3fb335de5305,INCORRECT_ORDER
85852469-38d1-4cbf-96fb-bcc79076b112,INCORRECT_ORDER
2d9fa44d-917c-44f3-8a9a-48bb6238e975,INCORRECT_ORDER
a59cd5d4-985f-4d62-ab2c-f5f72390c0b1,INCORRECT_ORDER
0c303347-bb0e-4194-92dd-24631fa90e6e,INCORRECT_ORDER
a9846590-ef65-4e07-96a0-b213225e1fc2,DAMAGED_DELIVERY
53251cb6-0dd9-49f7-af09-67b7189c4633,INCORRECT_ORDER
b5c7d046-6a84-4b29-9aa1-9fb0c1a3bce0,INCORRECT_ORDER
2bf33521-b05d-48be-9545-45c60f7ecd2b,INCORRECT_ORDER
fb78dcb4-77ed-402b-9503-f3db6457ac1c,FRAUD_SUSPICION
dbaac3ec-eb7b-4a43-9e9e-1b8abe254451,INCORRECT_ORDER
a5eac18a-ab3c-4beb-8055-7712f62432a9,DAMAGED_DELIVERY
c62dd573-2de3-40dc-8a7d-6903c77ab036,INCORRECT_ORDER
2a19556f-0850-405d-9a1d-4fe52b78dbed,INCORRECT_ORDER
e0fb82f4-08c4-4eab-a37e-5be6ff9e7002,INCORRECT_ORDER
77cd67c9-7f71-48b1-801d-153ea8da1833,DAMAGED_DELIVERY
734517f0-b6f3-4946-9b62-20be4c31dd15,INCORRECT_ORDER
6991376e-00d3-4e49-81c1-574eb99166d4,INCORRECT_ORDER
43017edc-bbee-4a50-9d24-60acc8fa3167,DAMAGED_DELIVERY
515dbcc6-5656-4f67-a860-6cd8fd1f1b8b,INCORRECT_ORDER
42240c71-c29c-4607-9731-03235f2e886e,INCORRECT_ORDER
432192af-d0ed-445b-9faa-7915991f4154,INCORRECT_ORDER
61838c56-0dea-489d-ac79-2cf8ac6ee5c0,DAMAGED_DELIVERY
2489a76d-079d-4259-9e35-94075482d933,FRAUD_SUSPICION
3befd1ce-e1db-4a45-90b7-083877302477,FRAUD_SUSPICION
d5a58b15-de38-4823-a238-e6abbccb56a1,INCORRECT_SHIPPING
9ae7ae4a-b0aa-45eb-8f5f-92ea8ef2d2c4,FRAUD_SUSPICION
0f8b1991-6793-4e92-9a0c-657f2161969e,INCORRECT_ORDER
71380881-ce92-4be2-af50-1cf2e7a67f93,FRAUD_SUSPICION
52e8469d-af03-4330-ad34-6d153e739f7b,FRAUD_SUSPICION
2ea06ff8-7ef2-4c99-b108-1847b763ac98,INCORRECT_ORDER
5700167f-adb6-4aa8-80d2-30071c12c1d8,INCORRECT_ORDER
a4cad1e2-5a4b-4ebe-96e4-558f32d7eed8,INCORRECT_ORDER
e0e85997-3b85-4501-a25b-2960734a1066,INCORRECT_ORDER
bbb0a088-b7a7-4c8b-8d88-a8f922bdf309,FRAUD_SUSPICION
0e8a1588-490e-41af-aaa1-dcb8893aa007,INCORRECT_ORDER
83f069b6-4964-4e0d-9590-8ade26cc3c41,INCORRECT_ORDER
af18e0b2-962e-422b-854d-d4652a8d2b1e,FRAUD_SUSPICION
b4031c30-c9fd-4427-ae00-b1d59443cb44,INCORRECT_ORDER
edfeabf6-fb95-4b0c-b41e-b70e20dcf995,FRAUD_SUSPICION
6e9b57a1-04fe-46f2-924f-0b42fe56e290,INCORRECT_ORDER
eb87415d-b133-4e04-9834-90bee21ae627,FRAUD_SUSPICION
492dfbcc-8e82-41f3-8fd9-884ee1929a0a,FRAUD_SUSPICION
5a2c5e79-0228-4a2d-8069-0679ac6841cb,DAMAGED_DELIVERY
1155b5f6-8a2a-4204-8ff8-0d0bacfa153d,FRAUD_SUSPICION
f8371a06-ab51-47cd-a558-0860198f5c02,FRAUD_SUSPICION
51ed885a-fadc-4b73-8c11-d26826b9d5c8,INCORRECT_SHIPPING
49835eb8-ab2e-4dcb-9ed2-b6e1faab51dc,FRAUD_SUSPICION
60c959c8-f7f0-4150-8a8f-cadaf5792e80,INCORRECT_ORDER
3748f36e-35ff-4f36-a081-f37804d6da03,FRAUD_SUSPICION
a6bdd874-09ba-47aa-9b00-9d3e091fe069,INCORRECT_ORDER
5cd53bb8-1588-424d-b1bb-b082de34d86f,INCORRECT_ORDER
c761ef29-567e-47a3-84b5-28d6a5e40798,INCORRECT_ORDER
1eacd5c9-b6ef-4985-adc4-a9bd066cc259,INCORRECT_ORDER
6aff7cb4-74c4-4c41-91e6-bf423ce69dc3,FRAUD_SUSPICION
fdf83ec1-cebf-41a7-9f44-a09d3f126081,FRAUD_SUSPICION
085c216f-4908-4fc4-82c4-c0c7e814cc80,FRAUD_SUSPICION
cc1ce994-f600-4ed5-a7b4-cf4d5ffe6b9e,FRAUD_SUSPICION
d3fc4231-3665-45b8-8073-c3bb134d5715,INCORRECT_ORDER
200130f6-03be-490e-89d5-b3b18b6f7692,FRAUD_SUSPICION
8c064cc6-9eb9-4ac2-946b-c5401a3f73df,INCORRECT_ORDER
e5d12228-1ebe-4bb6-870d-f2aa47b688fe,FRAUD_SUSPICION
372ee788-664d-49a6-8c3f-1eb4740536d5,DAMAGED_DELIVERY
3756635f-03f3-427c-8311-96ae1a4e1fdc,DAMAGED_DELIVERY
a9ae0001-5b6c-4396-a39f-a2ae309fa1d8,INCORRECT_ORDER
c5190bf6-fb10-4a89-8aff-8f79b70c9a47,INCORRECT_SHIPPING
e68e2d0d-02bf-4397-8d77-3918611e1e6f,DAMAGED_DELIVERY
59495019-794c-4b45-b559-77fb5c7521fc,FRAUD_SUSPICION
40ef9b59-1a3b-4200-b4c5-822d9920ba8e,DAMAGED_DELIVERY
4b2e6c79-93a2-4015-8628-cef9d50d8683,FRAUD_SUSPICION
c62ec15f-5fc2-467a-8ad1-99ee33abef08,INCORRECT_SHIPPING
68aae3ff-a9d2-4cd6-a1b2-28c3c23a2651,INCORRECT_SHIPPING
c00c878b-c372-480e-93b9-9e9a1b599c0a,FRAUD_SUSPICION
6a390a6e-1832-468d-81c0-951058ce535b,FRAUD_SUSPICION
3b854a93-57c5-4cbd-99b7-8aa1a893e2f1,INCORRECT_ORDER
27642f66-2460-455e-8cd2-5664e0b176b6,FRAUD_SUSPICION
05254b97-f032-416c-ae19-19f34aec4650,FRAUD_SUSPICION
79d8a6b4-d0ed-4d48-bf51-41f139040904,DAMAGED_DELIVERY
f040f1dc-0eb7-43da-a152-c5a8efa0051d,INCORRECT_ORDER
a1c1bdc2-4af8-42b4-9e86-e81a6785311f,DAMAGED_DELIVERY
68f626dc-ebdf-4bdc-a1df-5840cbca6c25,FRAUD_SUSPICION
b036ec51-bd44-4436-8917-8b00bb01d235,DAMAGED_DELIVERY
2520186a-0299-450d-a14d-b18adaae91bb,FRAUD_SUSPICION
6aaa92de-e971-4415-a116-f1dc64b4ebe1,INCORRECT_ORDER
415050f1-aaf3-45f6-b7ba-d0a239aabc58,FRAUD_SUSPICION
b0f4c634-a8a4-49de-a8cd-de0053d27bf1,FRAUD_SUSPICION
1d4026d5-b051-484f-bbd8-c504629b918b,DAMAGED_DELIVERY
23fdf8e0-523a-4254-a501-2f45960f5695,FRAUD_SUSPICION
c86f81bd-8bab-4632-b168-0cb7b1e08ae7,FRAUD_SUSPICION
b16887e0-18ee-4b6f-990d-1ea87de766db,FRAUD_SUSPICION
24afcb61-f3bb-4973-bc75-2707c5ad3580,DAMAGED_DELIVERY
ef0ccb8c-f9a2-4dcc-8192-9d9a3898c9a4,INCORRECT_SHIPPING
525400cf-5699-4810-904d-a7285d5b568d,DAMAGED_DELIVERY
a9c5bdec-cd37-4c54-90f1-411ec4e8f7c2,INCORRECT_ORDER
86eaa725-6c59-4adf-9b47-1997d7b73eb2,FRAUD_SUSPICION
50ebb87e-74af-411a-874f-10322274bf1b,INCORRECT_SHIPPING
0a439f1e-aafb-4213-b776-a1cbec4284b6,DAMAGED_DELIVERY
4f3aa0c7-a583-4d8e-aaf3-fbd26eb3fb6d,FRAUD_SUSPICION
ebc3138a-32f4-4c74-a13b-c1dedfe44d50,INCORRECT_SHIPPING
6c1c6312-ffa3-4054-8fdf-9df364d32041,INCORRECT_ORDER
3de725ba-f3cc-456b-9c2f-eff3b7e8089e,DAMAGED_DELIVERY
2314a1aa-7569-41e7-a956-a45779fb60eb,FRAUD_SUSPICION
dd685bf4-422e-4b1f-afd5-1f2139d8d3d5,INCORRECT_SHIPPING
23a106ab-596b-4417-ab41-c6074e68ff52,INCORRECT_ORDER
f4eb3095-04db-47a6-8d97-2b0003673a95,FRAUD_SUSPICION
96cf0cb3-0ac9-42e2-bbba-e8635ac4e36c,INCORRECT_ORDER
b4560d8e-1097-463e-ae61-fb146040acb1,FRAUD_SUSPICION
b9696615-c868-46e8-a7d4-c4b87e982c4b,FRAUD_SUSPICION
4355e7e9-0c01-4c73-95fa-850984db9a89,DAMAGED_DELIVERY
a43edc2f-8f0e-4209-baf8-b290cb67875c,INCORRECT_ORDER
ddcdc940-5858-4d01-92ba-4cb3e1a65c78,FRAUD_SUSPICION
c0080eba-f110-4a84-9304-ee46701b652f,INCORRECT_SHIPPING
006be000-34ab-4745-90c0-fd3d9e783db7,FRAUD_SUSPICION
35263ed0-c608-4327-9e65-e761580f61b2,DAMAGED_DELIVERY
c3c04f73-05eb-40ee-8ce2-238ed33bdeb1,INCORRECT_ORDER
303d995a-845c-4f8d-99b9-8bc8b5047739,DAMAGED_DELIVERY
ea542001-f7e1-4805-8fb4-8fce8c9f6af3,INCORRECT_ORDER
603bd40b-6c65-4c5e-ab5d-666323317989,FRAUD_SUSPICION
22d6805f-84e5-4c9a-a05e-bd60bbd08c95,DAMAGED_DELIVERY
42732150-14de-4922-8d34-9deb73593567,FRAUD_SUSPICION
4ebba4f2-2ce5-4b6e-b4b0-a447722abba1,FRAUD_SUSPICION
4afe29df-91d3-4ec3-8242-ab771acb9420,INCORRECT_ORDER
d931ea9f-1469-47af-8af7-2f5294624b03,DAMAGED_DELIVERY
c2fa48a5-f390-40d0-9707-93532ac5ff60,DAMAGED_DELIVERY
2ae5857d-a3df-4d22-8762-19c195a8764a,DAMAGED_DELIVERY
d3229775-cbde-40de-942e-3b0b21359570,FRAUD_SUSPICION
02e0720e-15bd-4acf-a194-78a16116d961,FRAUD_SUSPICION
61edbe07-e047-4457-82ee-8583d8f61663,INCORRECT_SHIPPING
14ed8b92-2115-4e98-8e11-1f9884f2fa08,INCORRECT_SHIPPING
a00f7fd1-b8ef-4320-b734-2c8b58d42acd,DAMAGED_DELIVERY
4565c349-436a-49e5-9b6b-39db8268b08c,INCORRECT_SHIPPING
282deb29-30d6-464d-8bc4-6678c5ea8818,DAMAGED_DELIVERY
8057b09e-3e85-4837-810f-9527259efd7d,INCORRECT_ORDER
a7eff39b-aaaf-4f68-a63b-85061a563766,INCORRECT_ORDER
2de8f4f4-9678-4864-b8b1-f9673dbd98bb,INCORRECT_ORDER
8365d0b5-1758-405d-abf7-8c95f25fe6d9,INCORRECT_SHIPPING
d11a534b-8edd-4d27-a853-0cbca5f65619,INCORRECT_SHIPPING
3e5a05ff-002a-4975-b15b-4eb408d5c74d,INCORRECT_ORDER
68d8bbd5-fbaf-4a86-bfb7-872c5ffa7f77,FRAUD_SUSPICION
1fad6bc0-c41f-48c0-a6e8-262f7c9f089b,DAMAGED_DELIVERY
57fe8626-886a-4280-ba39-e25e5f257b47,DAMAGED_DELIVERY
11a30969-7611-442f-98e1-39d8bc18b21b,INCORRECT_ORDER
4d622139-d760-47a9-bf33-85f41fc7a6f2,INCORRECT_ORDER
ac20005d-d414-4a5f-b777-f7af8a6797a7,INCORRECT_ORDER
1b96f0a3-71e1-4871-ad8b-8a150a77f615,INCORRECT_ORDER
1a793864-3d13-4fc3-b9b5-596ede4e93be,INCORRECT_ORDER
15a0c226-9507-4fdd-8433-d97565e0df9f,FRAUD_SUSPICION
85b96de9-ba93-4e7b-9f01-e1c0fc7f8a00,INCORRECT_ORDER
15fe4deb-e7bf-4b5b-8e79-e800f5c135c5,FRAUD_SUSPICION
3215dbba-7520-4105-9fec-693caab2ac43,FRAUD_SUSPICION
545f7858-2118-413a-a360-17f50d3b0020,DAMAGED_DELIVERY
5cc8ddb8-1c8c-42e1-9dd1-fec93294332b,INCORRECT_ORDER
be5757e2-1933-4988-8ab9-2670c7d5564a,FRAUD_SUSPICION
5461b5e6-c023-486c-a93b-a3caf863516f,INCORRECT_SHIPPING
092183e2-f05b-4e41-8a57-e107503a58fb,FRAUD_SUSPICION
d74d39c3-abbd-41fd-89ab-5cbe6dcbc92f,FRAUD_SUSPICION
1b18b7e0-f99e-431a-a8db-40c2e1143ce6,FRAUD_SUSPICION
0ed1a2fa-c3e2-4fb8-9dd6-19d69c6d0957,INCORRECT_SHIPPING
e0e709c5-09c2-4288-8a68-5b756aa27509,INCORRECT_ORDER
b7491a8a-c5e2-4e7f-9bf5-b74adb14441f,FRAUD_SUSPICION
ca315751-0064-49a8-aae5-a200c9302233,INCORRECT_SHIPPING
ff2f9c65-1857-41fa-9599-5367d3f9980a,INCORRECT_ORDER
cca0bae3-7898-4125-bdcf-4ca5196139b8,FRAUD_SUSPICION
95c7db3b-98cc-41e9-8388-bcd5bb867c41,FRAUD_SUSPICION
78ddab8b-1f2e-44f3-9fd6-ff38c9826219,DAMAGED_DELIVERY
0ac03345-e81f-41ff-b0b8-6d5feef71016,FRAUD_SUSPICION
27899110-d0a6-4fb0-996e-d2719385663b,DAMAGED_DELIVERY
3a3c0eb7-71ff-4ad1-b5f6-4ac882b6ea1a,INCORRECT_SHIPPING
9468056e-152d-486c-abcc-adb3f10dbc83,INCORRECT_ORDER
d4d194b2-d5bf-419a-84b4-179c6dfd8ed0,INCORRECT_ORDER
6851e6f9-ff8a-4220-92d1-35c7f9ce9354,INCORRECT_SHIPPING
3af2ec70-59d9-4276-9bf5-1cd6dd8e91c5,FRAUD_SUSPICION
ccc42e28-08d3-4b91-b3fe-1648f84677a8,INCORRECT_ORDER
aca53c77-41fa-4377-a0d7-257c69b8de4a,FRAUD_SUSPICION
1b613485-c05f-4fb1-9f69-ce9a9548f162,INCORRECT_SHIPPING
fe3d3820-1ec9-4924-92c3-df4eacce9a1e,INCORRECT_ORDER
c2266178-beb4-417a-b6f9-35725968d24c,FRAUD_SUSPICION
e13c2196-de63-48b7-801d-987c0e507d2c,INCORRECT_ORDER
e9facce0-a11d-4b55-a585-c38ac4b290bc,INCORRECT_SHIPPING
1868f343-11cc-47a0-a4ac-d9913e30ca0d,DAMAGED_DELIVERY
726c3844-eb8c-4be0-a370-6b0466d8466b,INCORRECT_ORDER
b26524d4-f8e8-4151-af57-559af7dc578e,INCORRECT_SHIPPING
a84ed181-1be8-47ee-9b92-295b44856b15,INCORRECT_SHIPPING
be62dc53-ef9e-444b-907f-969866cdf086,INCORRECT_ORDER
7829c0b3-2acb-415b-b2ff-dfdf6f12f9d5,DAMAGED_DELIVERY
b81f32ad-6a3f-4629-9f90-e3023ed26795,INCORRECT_ORDER
189a0d84-c6c1-4141-b629-28f68fe681a0,INCORRECT_ORDER
9d1f4fc1-1f0c-49cc-b333-53f055dcb193,INCORRECT_ORDER
e40406f0-968a-4ed1-a2d6-59852f2c60c2,FRAUD_SUSPICION
027b2908-e705-4e14-a092-e1d1a3350fb2,INCORRECT_SHIPPING
86710287-e693-4b9b-af58-ac3b13b8a324,INCORRECT_SHIPPING
d780b1a6-2c27-4c16-9da0-b048fa1af13e,INCORRECT_ORDER
4dfb8e18-91cc-4587-bdab-b89686dd804f,FRAUD_SUSPICION
6a4b97d9-f5a9-4bbc-adc2-d68cd2a75e89,FRAUD_SUSPICION
daf87b78-3fb1-4b0f-8524-15f7393bb36f,INCORRECT_ORDER
48d39a08-a8c7-49e3-8343-b5b82b8d446a,INCORRECT_SHIPPING
c543b7f4-e443-4b50-9e86-bc6036bf674c,INCORRECT_SHIPPING
f94307cb-915a-427f-8559-60339c380c35,FRAUD_SUSPICION
3e63fcdb-6b8c-4ce8-874c-851a55cd3d50,INCORRECT_ORDER
a34bbdae-870e-48f8-9f31-5bd520c5316c,DAMAGED_DELIVERY
dc6a578e-fae0-41b4-bf00-4de0d0c5c1f7,FRAUD_SUSPICION
127d25b7-5fc4-40dd-8bf1-099f72a80742,FRAUD_SUSPICION
bfede386-5aac-4332-a45f-de4c5a84bfe4,FRAUD_SUSPICION
422007bf-b50c-4d31-aeae-2376a13a0921,INCORRECT_SHIPPING
7e296aa0-27b0-4568-aa97-0022853c817c,INCORRECT_ORDER
4784be30-a52f-45dd-b837-e76c9a906132,FRAUD_SUSPICION
4086099a-d8c8-428d-b226-e7a80235c442,DAMAGED_DELIVERY
07ae195c-9a83-429a-9969-309e76b8f471,INCORRECT_ORDER
a47a09f7-3a72-4b74-81ab-89112c5dcc55,DAMAGED_DELIVERY
c1e92f26-1504-446b-9df9-12686b450223,INCORRECT_ORDER
2df7ac0c-0e9a-4bdd-90e9-c8da1116f6f6,INCORRECT_SHIPPING
65818534-8964-460f-9382-5acc0fc4d440,INCORRECT_ORDER
c20d3b51-40d2-4781-9193-a8c12bf6340d,INCORRECT_SHIPPING
e8064372-28b1-4a39-9b92-8258adde129c,FRAUD_SUSPICION
18ba47b9-cf5e-45d1-8961-03425eb486bc,DAMAGED_DELIVERY
f481d9a9-efe0-4e9d-a164-f44a265b5c87,INCORRECT_ORDER
35fe0767-2a4e-4bec-a3e7-b9885bd088e3,INCORRECT_ORDER
94fdb9b5-1a58-4e4a-be08-4915944cb126,FRAUD_SUSPICION
56c25bc6-77cf-41bb-82ce-9345679d79af,FRAUD_SUSPICION
d6ad1048-4c0a-4f0c-b087-7d7cd3d29427,INCORRECT_SHIPPING
fbb28b43-c80a-4a2d-a4f0-cf531bf0d9c4,INCORRECT_ORDER
57db79d4-1577-4f7b-80c7-83d3fcfe3ec2,INCORRECT_ORDER
50e1f9e8-5bed-4a1f-95ba-5677fbe7abe5,FRAUD_SUSPICION
77d63ec5-72d2-4ffb-bd14-b8f1842aaac7,FRAUD_SUSPICION
affa7300-f632-45db-9626-a3bd21d695ca,INCORRECT_ORDER
d26a5c42-c562-4bea-a1c6-1bc80521b6ee,FRAUD_SUSPICION
997508f1-7629-48ab-88d6-52292d122fdb,INCORRECT_ORDER
72a56b9f-dc7e-4408-a6b9-0701024455fc,FRAUD_SUSPICION
ca3125b8-3a38-4b5d-9f06-414586e69496,FRAUD_SUSPICION
3658955a-e346-4c2c-aeb1-527a569aba1e,FRAUD_SUSPICION
3db00335-54ab-4f16-aa76-f6bb6bb63d29,DAMAGED_DELIVERY
c03768b9-30eb-4b50-86e6-5d255b1a2a42,INCORRECT_ORDER
5cf8e926-1eec-498e-bcfb-ad1e2d181040,INCORRECT_SHIPPING
e7d77ade-4ebc-4a5b-8dc6-abc88977f015,DAMAGED_DELIVERY
cbcd1c52-db5f-4c89-9396-535fa01e3ebd,FRAUD_SUSPICION
1494c2e3-9d16-46ec-8a74-11533259906b,FRAUD_SUSPICION
99741e56-ed66-4924-b75b-82cebd797b8c,INCORRECT_SHIPPING
9ce591d0-ece9-43d8-97da-92f13cbc2dbb,DAMAGED_DELIVERY
fd448b34-95b1-4a64-942d-bedf887514e5,INCORRECT_ORDER
0390aff0-43f8-4aca-af6c-ed43330cfa49,FRAUD_SUSPICION
2f3cebf5-1b19-44b0-89bb-64b2d0de5b03,DAMAGED_DELIVERY
50a0efc3-98de-4a32-a2ce-83311043938f,INCORRECT_ORDER
f59c20a5-20c0-4a3e-8ddb-fbdffe629433,FRAUD_SUSPICION
abb00001-448b-4016-b057-d79c83358688,INCORRECT_ORDER
8dff365e-c4fe-4114-ad82-ec0c9887e77a,INCORRECT_ORDER
fcd2790d-c84e-416c-9593-66fd6bae486a,INCORRECT_ORDER
4dc79be4-32cf-4946-be54-238186c8bff0,FRAUD_SUSPICION
4b1021e1-b93a-48f0-af86-853fe6838e5b,INCORRECT_SHIPPING
39ce6f64-12d2-4aba-876b-f35f61b77cea,FRAUD_SUSPICION
fe864afd-3811-48a3-ab5a-f4dd5972cb06,INCORRECT_SHIPPING
8bdb9ac3-6bf1-4564-881e-d7b495eb0b49,FRAUD_SUSPICION
5db17732-c699-4faa-8560-455eb47bdd1b,INCORRECT_ORDER
62f6ae82-4fd6-44df-b239-5063680cb324,INCORRECT_ORDER
31f414f8-6ef1-4237-aba4-bdaa6358812e,INCORRECT_SHIPPING
66dfb9e1-0a45-4b6d-8cdb-6225772b1675,DAMAGED_DELIVERY
484fa9ce-c61c-4133-a49a-546142e0d7c4,FRAUD_SUSPICION
d6deec94-8829-4aef-a5b7-a9e84e84e122,INCORRECT_ORDER
2b75d018-4c50-4d3a-bce5-81a6d79feb47,FRAUD_SUSPICION
4f84b491-c9ea-48ce-a8f9-4bee00baea95,FRAUD_SUSPICION
92cba4f8-2d16-468f-b77c-66e7a2e9030f,FRAUD_SUSPICION
6da8204b-240e-4e40-9590-9b819a9822fc,INCORRECT_ORDER
55e477c7-1d6a-469b-9682-356aa09920ff,DAMAGED_DELIVERY
60f4da7f-ac1d-4b93-aac0-bb2e88dd29ea,INCORRECT_ORDER
1dc03944-467b-4300-a413-955b5b3c9a3a,INCORRECT_SHIPPING
aeab2959-5fc9-46ae-b050-7a26d1a47bcb,DAMAGED_DELIVERY
f437112b-b4d6-4f25-acde-717c0f4ff58d,FRAUD_SUSPICION
4b78e05d-3d16-4a76-97d1-7b90ae327d70,INCORRECT_SHIPPING
1bd5a5de-1e24-4a0c-b4e4-725ca44ebe87,INCORRECT_ORDER
1d1cb3b4-6aa0-47c8-88bc-d02a4493f5cc,FRAUD_SUSPICION
ba64c502-a807-4376-919b-e56a299d8962,INCORRECT_SHIPPING
97ed4d1e-eb2e-42f4-b6ff-d0855f02b0d7,DAMAGED_DELIVERY
9c31d718-56a9-40d5-87f5-85b5abe1ba33,INCORRECT_SHIPPING
01b7165f-ca10-4117-83dd-8c7003448afc,FRAUD_SUSPICION
cc72fe35-55db-425c-a16e-dcfbce138922,FRAUD_SUSPICION
f81989b3-d39c-4fc5-991a-562fce5dde5f,INCORRECT_SHIPPING
2b0f8119-6f8d-4fb6-ab61-c6cc4b8fdde2,DAMAGED_DELIVERY
966289e3-e043-44ef-8b16-eabb1f7548fb,DAMAGED_DELIVERY
5c844a65-08a3-4c7a-9fa7-a0e661b0a442,FRAUD_SUSPICION
afabd540-468e-4fc5-81a3-ea6785f4bb24,INCORRECT_ORDER
4e63d7c7-6801-4a39-997b-335028837064,INCORRECT_ORDER
7eb720fe-c99d-4eaf-8694-4ba25f3108fd,INCORRECT_ORDER
34399056-fb9b-4687-bb10-bdb261867923,DAMAGED_DELIVERY
7de650c4-26b6-4ca9-a396-f0b8009b5647,INCORRECT_ORDER
1ad8fb1d-a1f3-4b7c-a250-0076fe0be7b7,INCORRECT_SHIPPING
14eca0c5-9832-4a54-89b5-f26ed677a9e1,INCORRECT_SHIPPING
8da4258e-b70f-4661-bdbd-06108082563e,FRAUD_SUSPICION
54164f1d-6d3f-4102-a09a-48e5da0919e6,INCORRECT_ORDER
f2e4e255-4266-4598-86f6-032703484052,FRAUD_SUSPICION
80d0bb98-ddd0-4e6a-b18a-d335b2ebfe38,INCORRECT_ORDER
f066d6ee-ec46-4a45-8624-55dfe24bbf3c,INCORRECT_SHIPPING
f6e1cb8c-d645-4859-9404-a8bf7881b8c1,INCORRECT_ORDER
c60512f6-4f13-430a-b6ed-5ddfc8f8a7a8,FRAUD_SUSPICION
dddc3de9-ecec-4349-a692-cf53a209924f,FRAUD_SUSPICION
0a215685-e8fe-4ab0-9eae-ce3e9b5e560d,DAMAGED_DELIVERY
688a0ebd-d50a-47fc-bd3e-b080e83597ca,INCORRECT_ORDER
4e5707aa-3235-4d09-b42c-c8c1448cbb37,INCORRECT_SHIPPING
9c94ab3b-7349-433a-8e80-840e44175781,FRAUD_SUSPICION
66e06425-b2b4-46b6-b413-75e06b552c6f,FRAUD_SUSPICION
a7bc5505-64f4-4c5d-af0e-fbe437ed959f,DAMAGED_DELIVERY
def94443-039e-43f3-a873-b6ef341559b0,FRAUD_SUSPICION
366cdf1e-1b3a-47fd-9d43-dca6c243be54,DAMAGED_DELIVERY
7da19ed0-4521-4b33-91d6-6bc43a87e62f,INCORRECT_ORDER
20d5a4a6-c4f2-4759-bec5-b6e7bf2aaf14,DAMAGED_DELIVERY
f351cdaa-c21a-4a1e-b756-96f5054b7d84,INCORRECT_SHIPPING
530a6c53-dcac-4f94-9388-811fb317ba2f,INCORRECT_SHIPPING
4c45f3ac-a56b-448c-9be1-03e4d32a959e,INCORRECT_ORDER
d2bc050c-3fc0-4cd9-bfb3-1ca7b0e9762c,INCORRECT_ORDER
f43f6adb-66cd-41a4-832c-0cf473ebb9d6,FRAUD_SUSPICION
b3d84098-282a-4c82-a1fc-65682eb5789a,FRAUD_SUSPICION
c237acab-c92d-4cf6-8adb-260e710acdc9,INCORRECT_SHIPPING
b29c6ebb-36ec-46f4-89f9-995b4456a11e,DAMAGED_DELIVERY
2858f0b7-9ace-425d-8a82-61d41d778993,INCORRECT_ORDER
73e4419a-9db6-4d55-b455-156e02fc9ed1,DAMAGED_DELIVERY
5e9bd7e5-7afc-4f75-8101-828beddfbcd5,FRAUD_SUSPICION
22c41325-6674-488c-b7a4-161eb84e6fd3,FRAUD_SUSPICION
b45e5733-3267-43e8-9617-f85e7787cf64,INCORRECT_ORDER
2d2690a9-470d-431c-8569-8a08a1543c4b,DAMAGED_DELIVERY
3874b687-32ed-406c-b534-35d1ee44fb5e,INCORRECT_ORDER
